lat,lon,temp,pressure,humidity,dew_point,uvi,clouds,wind_speed,wind_deg,wind_gust,probability,Power (W)
50.0,-7.5,284.47,1031,84,281.87,0.14,100,10.5,300,12.31,0.5370231,1054329.39
50.0,-7.0,282.59,1031,84,280.03,0.13,100,10.51,301,12.61,0.5117295,1133306.59
50.0,-6.5,282.94,1030,98,282.64,0.14,75,9.77,300,18.33,0.5011366,3480883.98
50.0,-6.0,282.92,1030,86,280.69,0.18,48,11.18,297,14.31,0.62370926,1656231.55
50.0,-5.5,283.25,1029,97,282.8,0.2,90,9.77,300,18.33,0.5582049,3480883.98
50.0,-5.0,283.59,1029,90,282.02,0.19,82,9.0,293,13.81,0.6483009,1488617.74
50.0,-4.5,284.13,1029,88,282.22,0.14,99,9.84,300,14.31,0.6172641,1656231.55
50.0,-4.0,284.26,1028,90,282.68,0.1,93,9.91,296,14.31,0.4025323,1656231.55
50.0,-3.5,284.5,1028,91,283.09,0.1,100,10.47,292,14.11,0.42532986,1587753.92
50.0,-3.0,284.15,1027,90,282.57,0.09,100,10.76,290,14.91,0.48887226,1873419.70
50.0,-2.5,283.62,1026,87,281.55,0.09,100,10.89,293,15.61,0.6849965,2149863.38
50.0,-2.0,283.69,1026,87,281.62,0.09,100,11.33,290,16.11,0.5876411,2363136.32
50.0,-1.5,284.02,1025,88,282.11,0.12,90,11.25,285,15.41,0.56094193,2068283.51
50.0,-1.0,284.02,1025,89,282.28,0.12,62,12.59,283,16.61,0.6033786,2590067.31
50.0,-0.5,283.73,1024,90,282.16,0.0,99,13.44,286,18.21,0.5217576,3412966.23
50.0,0.0,283.73,1023,90,282.16,0.0,97,13.24,289,19.11,0.4419902,3944429.65
50.0,0.5,283.51,1023,91,282.11,0.0,81,12.97,287,19.31,0.4120834,4069574.23
50.0,1.0,283.81,1022,92,282.57,0.0,59,12.32,283,19.21,0.7919643,4006676.21
50.0,1.5,282.98,1021,95,282.22,0.0,74,10.42,286,18.11,0.71598244,3357047.64
50.0,2.0,283.03,1019,82,280.11,0.0,92,9.93,291,17.51,0.063323185,3034314.49
50.5,-8.0,284.35,1031,85,281.92,0.21,84,11.54,298,14.61,0.66400146,1762596.08
50.5,-7.5,284.18,1030,88,282.27,0.22,52,11.07,294,15.71,0.5909774,2191445.67
50.5,-7.0,284.15,1030,90,282.57,0.22,15,9.96,295,15.61,0.6290395,2149863.38
50.5,-6.5,282.59,1030,93,281.52,0.21,9,9.2,292,13.61,0.6751158,1424874.22
50.5,-6.0,282.87,1029,94,281.95,0.2,23,9.62,291,13.31,0.6058242,1332712.03
50.5,-5.5,283.78,1029,92,282.54,0.18,52,9.71,294,14.41,0.5924585,1691196.60
50.5,-5.0,283.5,1028,93,282.42,0.09,90,9.26,290,18.33,0.6070153,3480883.98
50.5,-4.5,282.51,998,61,275.38,0.07,100,5.36,296,9.83,0.5718367,536862.05
50.5,-4.0,282.38,1027,92,281.15,0.05,100,7.93,299,15.61,0.5756232,2149863.38
50.5,-3.5,284.64,1026,90,283.06,0.07,100,1.79,184,4.47,0.41536537,50480.62
50.5,-3.0,284.43,1026,86,282.18,0.07,100,10.52,290,14.71,0.55790555,1799037.31
50.5,-2.5,284.81,1025,86,282.55,0.07,100,10.72,287,14.91,0.49363744,1873419.70
50.5,-2.0,284.85,1025,87,282.76,0.06,99,9.1,289,13.11,0.6401787,1273533.07
50.5,-1.5,284.51,1024,88,282.6,0.1,70,9.51,289,14.31,0.66449517,1656231.55
50.5,-1.0,284.16,1024,87,282.08,0.0,83,10.35,285,15.51,0.5645425,2108810.46
50.5,-0.5,285.1,1023,87,283.01,0.0,100,12.07,285,17.21,0.4740058,2881009.99
50.5,0.0,285.15,1022,88,283.23,0.0,100,13.31,285,18.11,0.52166146,3357047.64
50.5,0.5,284.87,1022,89,283.12,0.0,93,13.85,285,19.11,0.5179959,3944429.65
50.5,1.0,284.04,1021,89,282.3,0.0,60,13.49,282,18.91,0.61193526,3821877.30
50.5,1.5,283.53,1019,87,281.46,0.0,0,7.72,280,13.89,0.64817774,1514638.15
50.5,2.0,283.16,1020,76,279.13,0.0,93,8.9,277,16.61,0.62906533,2590067.31
51.0,-8.0,284.06,1030,87,281.98,0.22,7,11.55,283,15.51,0.3112698,2108810.46
51.0,-7.5,284.0,1029,89,282.26,0.22,7,10.96,285,14.31,0.6647743,1656231.55
51.0,-7.0,283.68,1029,93,282.6,0.21,11,9.18,285,12.31,0.4432842,1054329.39
51.0,-6.5,283.67,1029,93,282.59,0.14,50,8.55,282,12.41,0.6125367,1080233.14
51.0,-6.0,283.9,1029,91,282.49,0.11,53,9.44,286,14.21,0.415418,1621751.79
51.0,-5.5,284.0,1028,89,282.26,0.1,53,10.46,289,15.21,0.57365286,1988793.97
51.0,-5.0,283.5,1028,88,281.6,0.09,96,10.46,290,15.11,0.5095791,1949824.60
51.0,-4.5,282.87,1027,91,281.47,0.08,100,9.42,285,15.51,0.6827246,2108810.46
51.0,-4.0,283.84,1026,91,282.43,0.08,100,8.31,296,15.41,0.59582525,2068283.51
51.0,-3.5,283.03,1025,94,282.11,0.07,92,8.8,302,16.91,0.48291272,2732958.12
51.0,-3.0,284.23,1025,85,281.81,0.06,95,4.02,270,8.05,0.7203713,294842.30
51.0,-2.5,283.6,1024,89,281.87,0.04,90,8.23,280,13.38,0.671573,1353849.83
51.0,-2.0,283.94,1024,85,281.52,0.04,100,7.45,289,13.91,0.67511606,1521190.29
51.0,-1.5,284.53,1022,83,281.75,0.0,40,2.24,264,6.26,0.5952733,138651.69
51.0,-1.0,283.75,1023,84,281.16,0.0,100,7.57,288,13.41,0.36504886,1362976.87
51.0,-0.5,285.57,1019,80,282.22,0.0,100,3.58,268,6.71,0.5611413,170753.54
51.0,0.0,285.85,1021,77,281.93,0.0,89,1.34,243,3.13,0.5878656,17331.46
51.0,0.5,285.95,1021,72,281.03,0.0,69,0.45,273,2.24,0.50834674,6352.52
51.0,1.0,286.43,1019,71,281.29,0.0,20,8.23,280,18.33,0.617431,3480883.98
51.0,1.5,286.04,1019,76,281.92,0.0,72,10.87,285,15.81,0.5758057,2233560.72
51.0,2.0,284.99,1018,25,266.45,0.0,82,10.21,285,17.51,0.58157885,3034314.49
51.5,-8.0,285.18,1029,91,283.76,0.21,25,6.01,274,8.11,0.49132723,301484.31
51.5,-7.5,283.82,1029,88,281.92,0.11,79,6.99,289,10.81,0.60214806,713968.80
51.5,-7.0,284.36,1028,86,282.11,0.1,79,8.77,294,14.21,0.49193972,1621751.79
51.5,-6.5,282.59,1028,88,280.71,0.11,79,9.59,286,14.51,0.6469421,1726650.31
51.5,-6.0,282.59,1028,90,281.03,0.11,82,9.92,282,14.21,0.4972588,1621751.79
51.5,-5.5,282.59,1027,91,281.2,0.12,100,9.86,286,15.51,0.6519109,2108810.46
51.5,-5.0,283.84,1027,92,282.59,0.11,100,10.85,289,17.41,0.5140454,2982623.71
51.5,-4.5,283.72,1026,89,281.98,0.11,99,11.61,292,17.61,0.4922597,3086599.07
51.5,-4.0,284.03,1024,87,281.95,0.09,92,3.13,322,8.05,0.5949726,294842.30
51.5,-3.5,283.7,881,91,282.29,0.06,90,4.47,281,5.81,0.60291266,110848.69
51.5,-3.0,284.99,1007,81,281.84,0.06,100,1.34,345,4.92,0.6822793,67312.77
51.5,-2.5,284.49,1023,87,282.41,0.05,100,3.58,287,6.71,0.4420096,170753.54
51.5,-2.0,284.46,1023,94,283.53,0.0,90,7.43,294,13.81,0.80274975,1488617.74
51.5,-1.5,284.7,1022,88,282.78,0.0,87,8.67,299,14.61,0.7880719,1762596.08
51.5,-1.0,285.62,1021,69,280.1,0.0,20,2.68,263,6.71,0.4894069,170753.54
51.5,-0.5,286.79,1020,67,280.78,0.0,75,3.58,279,8.94,0.70068187,403845.00
51.5,0.0,287.13,1019,64,280.44,0.0,40,8.23,280,18.33,0.6721774,3480883.98
51.5,0.5,287.0,1017,62,279.85,0.0,0,7.2,290,18.33,0.43914887,3480883.98
51.5,1.0,286.65,1018,75,282.31,0.0,92,12.21,287,17.51,0.43540928,3034314.49
51.5,1.5,285.72,1017,69,280.19,0.0,100,13.17,288,19.81,0.50055534,4393954.75
51.5,2.0,285.52,1017,76,281.41,0.0,84,13.68,291,21.01,0.6023835,5241798.36
52.0,-8.0,283.57,1028,82,280.63,0.08,100,8.13,301,14.31,0.58753526,1656231.55
52.0,-7.5,284.31,1028,100,284.31,0.09,100,7.68,291,11.11,0.4492314,775076.07
52.0,-7.0,284.55,1027,82,281.59,0.1,100,8.85,293,11.51,0.5616424,861842.93
52.0,-6.5,284.55,1027,86,282.29,0.09,100,8.84,292,13.31,0.2192078,1332712.03
52.0,-6.0,282.59,1027,88,280.71,0.09,100,10.02,288,14.81,0.64464706,1835977.39
52.0,-5.5,282.59,1026,89,280.87,0.09,100,10.06,287,15.11,0.592171,1949824.60
52.0,-5.0,284.13,1026,88,282.22,0.08,99,8.98,284,14.71,0.49126443,1799037.31
52.0,-4.5,283.81,1025,90,282.24,0.08,92,7.9,295,15.21,0.653826,1988793.97
52.0,-4.0,283.67,1024,92,282.43,0.06,97,9.75,297,16.81,0.8105109,2684758.92
52.0,-3.5,282.81,1024,89,281.09,0.04,100,9.61,294,17.21,0.70196855,2881009.99
52.0,-3.0,284.42,1023,81,281.28,0.0,99,10.31,299,18.41,0.38784772,3526659.40
52.0,-2.5,285.53,1021,77,281.62,0.0,88,1.79,279,0,0.6557719,0
52.0,-2.0,285.59,1022,72,280.69,0.0,40,2.68,292,5.81,0.6319219,110848.69
52.0,-1.5,284.96,1021,71,279.88,0.0,62,8.44,296,14.71,0.4601963,1799037.31
52.0,-1.0,285.86,1021,74,281.35,0.0,100,0.89,293,3.13,0.6550478,17331.46
52.0,-0.5,286.34,1019,61,278.99,0.0,20,9.77,280,18.33,0.44224447,3480883.98
52.0,0.0,285.53,1019,70,280.22,0.0,96,9.11,295,16.71,0.76812345,2637129.78
52.0,0.5,285.91,1018,59,278.11,0.0,90,10.6,294,19.01,0.6125854,3882831.14
52.0,1.0,285.64,1016,62,278.57,0.0,75,9.83,325,14.31,0.6013981,1656231.55
52.0,1.5,285.91,1015,60,278.35,0.0,81,9.83,264,15.65,0.6980226,2166432.58
52.0,2.0,285.89,1015,74,281.38,0.0,100,14.69,291,21.21,0.46667135,5392922.25
52.5,-8.0,283.53,1028,90,281.96,0.04,100,7.57,285,14.11,0.5103508,1587753.92
52.5,-7.5,283.94,1025,91,282.53,0.05,100,0.89,195,3.13,0.7060337,17331.46
52.5,-7.0,282.54,1026,85,280.15,0.05,100,7.69,291,15.11,0.6179956,1949824.60
52.5,-6.5,284.03,1026,82,281.08,0.05,100,7.98,289,14.91,0.71126646,1873419.70
52.5,-6.0,284.87,1026,84,282.26,0.06,100,9.05,285,12.91,0.8538848,1216132.46
52.5,-5.5,283.98,1025,88,282.07,0.07,100,9.92,279,14.31,0.5551592,1656231.55
52.5,-5.0,283.8,1025,89,282.06,0.06,100,9.87,277,14.61,0.49428955,1762596.08
52.5,-4.5,284.76,1025,92,283.51,0.06,100,9.79,276,14.71,0.37743494,1799037.31
52.5,-4.0,284.76,1024,98,284.46,0.07,100,8.26,278,14.81,0.60555154,1835977.39
52.5,-3.5,284.24,1022,90,282.66,0.0,88,10.29,293,19.01,0.67193025,3882831.14
52.5,-3.0,283.85,1022,83,281.08,0.0,62,6.26,286,12.96,0.5418281,1230317.38
52.5,-2.5,284.18,1020,83,281.41,0.0,35,4.92,281,10.73,0.5965166,698234.52
52.5,-2.0,285.21,1020,65,278.84,0.0,75,6.17,300,18.33,0.6217217,3480883.98
52.5,-1.5,285.52,1020,63,278.68,0.0,75,1.34,284,5.81,0.36446717,110848.69
52.5,-1.0,284.94,1019,61,277.67,0.0,100,9.7,296,17.61,0.69785416,3086599.07
52.5,-0.5,285.25,1018,67,279.32,0.0,40,9.77,290,18.33,0.38486296,3480883.98
52.5,0.0,285.25,1016,72,280.36,0.0,94,6.26,298,13.86,0.6055363,1504845.26
52.5,0.5,284.93,1016,78,281.22,0.0,20,7.15,293,12.96,1.0,1230317.38
52.5,1.0,284.86,1015,73,280.19,0.0,84,3.58,259,12.07,0.56534195,993857.14
52.5,1.5,285.02,1015,70,279.73,0.0,83,11.55,292,20.11,0.052288026,4596617.49
52.5,2.0,285.37,1014,72,280.48,0.0,96,15.03,296,21.81,0.670562,5863664.99
53.0,-8.0,283.16,1027,86,280.93,0.06,100,7.48,280,13.21,0.5689422,1302898.57
53.0,-7.5,283.3,1026,92,282.06,0.05,100,5.78,280,13.61,0.32590416,1424874.22
53.0,-7.0,283.69,1025,93,282.61,0.04,100,6.77,285,14.41,0.6536748,1691196.60
53.0,-6.5,281.43,1025,92,280.21,0.03,100,6.92,291,16.21,0.6343846,2407416.31
53.0,-6.0,284.11,1024,81,280.98,0.04,100,5.3,288,11.81,0.6081366,931004.64
53.0,-5.5,284.31,1024,84,281.71,0.05,100,8.26,285,12.71,0.62637025,1160483.06
53.0,-5.0,283.45,1024,88,281.55,0.06,92,9.53,283,14.51,0.518983,1726650.31
53.0,-4.5,283.32,1024,49,273.1,0.11,90,5.66,250,18.33,0.62292427,3480883.98
53.0,-4.0,280.43,1023,1,231.15,0.0,100,8.92,283,15.71,0.29950804,2191445.67
53.0,-3.5,282.11,1022,85,279.73,0.0,28,9.69,286,17.71,0.62847507,3139480.84
53.0,-3.0,284.65,1021,75,280.38,0.0,40,8.23,300,16.46,0.37102556,2520528.69
53.0,-2.5,284.8,1019,78,281.1,0.0,35,4.02,322,10.73,0.42677745,698234.52
53.0,-2.0,283.73,1019,86,281.49,0.0,97,2.24,348,5.36,0.49548003,87035.52
53.0,-1.5,284.36,1019,74,279.9,0.0,100,9.02,292,17.41,0.57223576,2982623.71
53.0,-1.0,284.79,1018,71,279.72,0.0,100,8.05,300,15.65,0.5499686,2166432.58
53.0,-0.5,284.35,1017,67,278.46,0.0,75,9.77,290,15.43,0.4586253,2076346.98
53.0,0.0,284.77,1016,62,277.74,0.0,40,10.29,290,18.33,0.49185595,3480883.98
53.0,0.5,284.49,1016,74,280.03,0.0,100,13.79,285,20.31,0.5247411,4735130.18
53.0,1.0,284.53,1015,74,280.07,0.0,84,14.24,286,21.71,0.65580165,5783378.60
53.0,1.5,284.62,1019,71,279.55,0.0,82,9.39,300,16.54,0.6224159,2557458.93
53.0,2.0,284.69,1013,78,280.99,0.0,99,15.21,293,23.11,0.58196175,6975928.00
53.5,-8.0,283.94,1025,83,281.17,0.05,100,7.52,284,14.41,0.60319597,1691196.60
53.5,-7.5,283.24,1025,85,280.84,0.04,100,7.79,284,15.01,0.49377862,1911367.64
53.5,-7.0,283.5,1024,84,280.92,0.03,100,7.07,286,14.31,0.40987307,1656231.55
53.5,-6.5,283.37,1023,93,282.29,0.04,75,8.23,270,18.33,0.65360016,3480883.98
53.5,-6.0,283.89,1023,92,282.64,0.07,75,8.23,270,18.33,0.6327274,3480883.98
53.5,-5.5,283.86,1023,82,280.92,0.1,60,11.28,288,16.81,0.46386448,2684758.92
53.5,-5.0,283.5,1022,83,280.74,0.11,46,11.29,284,17.11,0.5873557,2831080.26
53.5,-4.5,283.56,1022,83,280.8,0.0,21,11.28,281,17.91,0.44012102,3247049.51
53.5,-4.0,284.14,1022,86,281.89,0.0,21,12.05,279,17.61,0.6029785,3086599.07
53.5,-3.5,284.08,1021,86,281.83,0.0,18,13.16,279,19.11,0.57547945,3944429.65
53.5,-3.0,283.75,1020,87,281.68,0.0,40,9.77,270,15.43,0.3589302,2076346.98
53.5,-2.5,283.94,1020,82,280.99,0.0,53,5.81,283,11.62,0.39108515,886789.49
53.5,-2.0,281.8,1018,81,278.73,0.0,97,8.58,287,20.61,0.706199,4948073.34
53.5,-1.5,283.47,1017,74,279.04,0.0,96,9.96,296,21.51,0.5292487,5625011.11
53.5,-1.0,284.4,1016,66,278.29,0.0,20,13.89,280,20.58,0.6660447,4926497.47
53.5,-0.5,284.38,1015,70,279.12,0.0,20,9.26,270,14.4,0.641286,1687678.2
53.5,0.0,284.31,1014,66,278.2,0.0,88,10.8,270,15.95,0.6183401,2293423.27
53.5,0.5,283.95,1014,73,279.31,0.0,100,13.9,289,19.91,0.6416304,4460832.68
53.5,1.0,283.79,1013,75,279.55,0.0,100,13.91,290,20.81,0.28711805,5093524.43
53.5,1.5,284.26,1013,76,280.19,0.0,94,13.69,291,21.01,0.4934038,5241798.36
53.5,2.0,281.85,1012,78,278.23,0.0,78,13.1,294,20.31,0.49930394,4735130.18
54.0,-8.0,281.77,1024,84,279.22,0.04,100,4.5,287,13.11,0.49254677,1273533.07
54.0,-7.5,284.15,1024,83,281.38,0.08,100,5.04,285,13.51,0.35466692,1393696.47
54.0,-7.0,283.62,1023,82,280.68,0.12,82,7.51,290,15.41,0.5645616,2068283.51
54.0,-6.5,284.02,1022,84,281.43,0.13,59,4.47,297,7.6,0.6216309,248109.2
54.0,-6.0,284.35,1022,76,280.28,0.12,43,10.54,290,16.61,0.6077353,2590067.31
54.0,-5.5,284.21,1022,77,280.34,0.0,60,10.66,289,15.01,0.49233824,1911367.64
54.0,-5.0,284.21,1021,78,280.53,0.0,57,11.86,290,16.81,0.6696717,2684758.92
54.0,-4.5,284.21,1019,71,279.16,0.0,20,14.92,290,18.33,0.3576717,3480883.98
54.0,-4.0,284.22,1020,78,280.54,0.0,53,10.05,293,14.51,0.39422217,1726650.31
54.0,-3.5,283.19,1020,81,280.08,0.0,56,11.23,296,17.31,0.45403916,2931523.34
54.0,-3.0,283.21,1019,100,283.21,0.0,98,11.05,294,18.11,0.6578615,3357047.64
54.0,-2.5,280.33,1018,86,278.15,0.0,96,12.55,292,21.21,0.6004548,5392922.25
54.0,-2.0,281.43,1016,79,278.01,0.0,99,13.74,288,24.41,0.3034199,8220637.38
54.0,-1.5,283.44,1014,75,279.21,0.0,20,6.71,312,12.96,0.66329837,1230317.38
54.0,-1.0,283.87,1015,74,279.43,0.0,99,10.55,290,19.81,0.6097567,4393954.75
54.0,-0.5,283.82,1013,66,277.74,0.0,100,6.17,270,18.33,0.5952075,3480883.98
54.0,0.0,284.1,1013,70,278.85,0.0,100,12.69,293,18.11,0.58966374,3357047.64
54.0,0.5,283.78,1013,73,279.15,0.0,98,12.67,296,19.31,0.64055395,4069574.23
54.0,1.0,283.71,1012,74,279.28,0.0,89,14.02,299,21.01,0.65698516,5241798.36
54.0,1.5,283.71,1012,77,279.85,0.0,100,13.9,301,20.81,0.6618107,5093524.43
54.0,2.0,283.15,1011,78,279.5,0.0,97,13.66,302,20.91,0.596367,5167306.85
54.5,-8.0,281.81,1023,91,280.43,0.12,97,6.78,284,14.01,0.61737186,1554234.55
54.5,-7.5,283.41,1023,84,280.83,0.13,76,6.17,290,14.01,0.40169993,1554234.55
54.5,-7.0,282.49,1022,81,279.4,0.12,47,6.3,286,15.21,0.581606,1988793.97
54.5,-6.5,283.55,1022,77,279.7,0.11,75,7.52,287,13.71,0.7343698,1456513.51
54.5,-6.0,283.02,1021,76,278.99,0.0,57,5.66,310,10.29,0.523166,615812.18
54.5,-5.5,283.9,1020,78,280.22,0.0,77,11.36,293,17.01,0.5738668,2781730.77
54.5,-5.0,284.1,1020,79,280.6,0.0,54,12.31,296,17.71,0.4274608,3139480.84
54.5,-4.5,284.21,1019,81,281.08,0.0,53,13.62,296,20.11,0.6243159,4596617.49
54.5,-4.0,282.6,1019,82,279.69,0.0,71,15.5,298,22.31,0.58124727,6276259.10
54.5,-3.5,281.21,1018,88,279.35,0.0,100,2.68,335,8.05,0.86330575,294842.30
54.5,-3.0,279.0,1017,85,276.68,0.0,88,12.38,296,22.31,0.6342601,6276259.10
54.5,-2.5,281.69,1017,76,277.71,0.0,98,10.63,292,20.61,0.615173,4948073.34
54.5,-2.0,281.3,1014,78,277.7,0.0,100,12.72,287,24.91,0.58160216,8736215.45
54.5,-1.5,283.46,1014,67,277.61,0.0,20,12.86,290,18.33,0.52342945,3480883.98
54.5,-1.0,281.82,1005,65,275.62,0.0,100,11.18,286,13.86,0.5494829,1504845.26
54.5,-0.5,283.54,1012,70,278.31,0.0,95,7.15,304,12.07,0.45027837,993857.14
54.5,0.0,283.5,1012,74,279.07,0.0,100,14.61,300,21.11,0.30139652,5317002.36
54.5,0.5,283.71,1012,74,279.28,0.0,98,14.2,302,21.21,0.45596832,5392922.25
54.5,1.0,283.71,1013,1,233.09,0.0,100,5.81,295,12.52,0.57742023,1109213.48
54.5,1.5,283.71,1011,74,279.28,0.0,100,15.54,306,22.41,0.37046093,6361034.09
54.5,2.0,282.15,1010,73,277.58,0.0,100,17.38,304,23.61,0.4139515,7438581.31
55.0,-8.0,281.79,1022,91,280.41,0.09,100,8.74,282,14.81,0.52118504,1835977.39
55.0,-7.5,284.07,1022,84,281.48,0.1,100,7.51,284,13.61,0.69911295,1424874.22
55.0,-7.0,282.88,1021,82,279.96,0.0,40,7.72,280,18.33,0.65035033,3480883.98
55.0,-6.5,283.17,1021,83,280.42,0.0,82,8.39,295,16.01,0.4234825,2319402.65
55.0,-6.0,282.77,1020,84,280.2,0.0,76,11.09,290,18.21,0.6772514,3412966.23
55.0,-5.5,283.47,1020,83,280.71,0.0,80,14.84,298,20.51,0.5620157,4876397.89
55.0,-5.0,282.49,1019,87,280.44,0.0,100,12.75,301,19.01,-0.15365551,3882831.14
55.0,-4.5,282.32,1018,84,279.76,0.0,100,10.24,299,20.61,0.55352837,4948073.34
55.0,-4.0,282.16,1017,75,277.97,0.0,71,9.87,296,20.71,0.70763075,5020447.73
55.0,-3.5,282.85,1017,73,278.25,0.0,100,10.51,294,17.51,0.35348737,3034314.49
55.0,-3.0,283.1,1016,75,278.88,0.0,100,8.9,284,17.81,0.42289448,3192963.19
55.0,-2.5,281.74,1014,73,277.18,0.0,75,12.35,280,18.33,0.12945996,3480883.98
55.0,-2.0,282.65,1014,70,277.46,0.0,93,12.16,287,22.21,0.61794066,6192240.69
55.0,-1.5,283.33,1012,67,277.48,0.0,20,10.8,280,18.33,0.60235316,3480883.98
55.0,-1.0,283.64,1013,69,278.2,0.0,100,14.66,299,20.91,0.6152708,5167306.85
55.0,-0.5,283.71,1012,72,278.88,0.0,100,14.49,299,20.81,0.69672805,5093524.43
55.0,0.0,283.38,1012,72,278.56,0.0,100,15.74,301,21.81,0.60774136,5863664.99
55.0,0.5,283.71,1011,73,279.08,0.0,100,16.27,301,21.91,0.60772,5944691.01
55.0,1.0,283.71,1010,73,279.08,0.0,95,16.4,304,22.31,0.5251306,6276259.10
55.0,1.5,283.71,1009,70,278.47,0.0,100,18.09,305,23.61,0.58459955,7438581.31
55.0,2.0,281.74,1008,71,276.79,0.0,100,17.47,300,23.21,0.6432597,7066877.69
55.5,-8.0,283.18,1021,84,280.6,0.05,100,11.51,282,15.81,0.7579706,2233560.72
55.5,-7.5,284.15,1021,84,281.55,0.0,100,12.21,285,16.61,0.59487504,2590067.31
55.5,-7.0,283.22,1020,84,280.64,0.0,100,12.96,290,17.51,0.70194525,3034314.49
55.5,-6.5,283.22,1020,84,280.64,0.0,100,12.94,293,17.81,0.408641,3192963.19
55.5,-6.0,283.2,1019,84,280.62,0.0,100,13.74,295,18.61,0.5140183,3642849.86
55.5,-5.5,283.2,1019,87,281.14,0.0,75,10.29,290,18.33,0.6927361,3480883.98
55.5,-5.0,282.86,1017,77,279.03,0.0,100,11.92,294,19.31,0.6301547,4069574.23
55.5,-4.5,282.31,1017,71,277.33,0.0,20,13.38,290,18.33,0.5945037,3480883.98
55.5,-4.0,279.8,1016,85,277.46,0.0,100,11.64,291,21.01,0.59018165,5241798.36
55.5,-3.5,279.71,1015,81,276.69,0.0,100,11.88,296,23.01,0.60404426,6885762.02
55.5,-3.0,280.68,1013,66,274.75,0.0,100,12.28,296,24.61,0.63370836,8424361.49
55.5,-2.5,282.39,1013,63,275.72,0.0,100,10.05,290,21.41,0.5860806,5546923.23
55.5,-2.0,282.45,1012,68,276.85,0.0,100,11.52,292,22.41,0.5801095,6361034.09
55.5,-1.5,284.12,1011,58,276.19,0.0,75,10.8,270,15.95,0.65950143,2293423.27
55.5,-1.0,284.11,1012,69,278.65,0.0,100,16.55,297,22.11,0.39315987,6108975.47
55.5,-0.5,284.28,1011,71,279.23,0.0,100,16.23,300,21.41,0.5632746,5546923.23
55.5,0.0,282.0,1010,71,277.04,0.0,95,15.51,303,21.61,0.47844705,5703828.43
55.5,0.5,282.0,1010,67,276.22,0.0,96,17.89,306,24.21,0.29601914,8020224.43
55.5,1.0,281.75,1009,70,276.6,0.0,100,16.91,306,21.91,0.37166253,5944691.01
55.5,1.5,281.79,1008,69,276.43,0.0,100,17.53,309,23.91,0.46288636,7725754.11
55.5,2.0,281.64,1008,73,277.08,0.0,100,16.67,305,22.61,0.46155787,6532867.35
56.0,-8.0,283.21,1020,83,280.46,0.0,100,12.18,292,15.81,0.61948913,2233560.72
56.0,-7.5,282.19,1020,82,279.29,0.0,100,12.52,292,16.31,0.36579984,2452246.01
56.0,-7.0,282.19,1019,81,279.11,0.0,100,12.81,293,16.71,0.5708355,2637129.78
56.0,-6.5,283.22,1019,82,280.29,0.0,100,12.55,295,16.81,0.8549277,2684758.92
56.0,-6.0,283.22,1019,83,280.47,0.0,100,11.52,295,16.41,0.37371874,2497628.82
56.0,-5.5,280.61,1018,84,278.09,0.0,100,9.64,299,16.31,0.3986178,2452246.01
56.0,-5.0,281.76,1016,83,279.04,0.0,100,9.42,294,19.31,0.6092744,4069574.23
56.0,-4.5,281.45,1016,72,276.71,0.0,75,5.66,280,18.33,0.5703547,3480883.98
56.0,-4.0,281.74,1015,66,275.76,0.0,99,9.24,288,19.81,0.6100635,4393954.75
56.0,-3.5,282.83,1013,62,275.91,0.0,20,9.77,270,16.98,0.5119633,2767038.56
56.0,-3.0,282.8,1011,62,275.88,0.0,100,2.68,234,6.71,0.6274778,170753.54
56.0,-2.5,282.86,1012,69,277.45,0.0,100,14.64,284,20.31,0.40968174,4735130.18
56.0,-2.0,282.85,1011,70,277.65,0.0,100,16.07,296,21.11,0.355792,5317002.36
56.0,-1.5,284.28,1010,70,279.02,0.0,87,15.73,304,21.61,0.6329248,5703828.43
56.0,-1.0,281.96,1010,68,276.39,0.0,68,17.05,302,23.21,0.64211476,7066877.69
56.0,-0.5,281.88,1010,67,276.1,0.0,87,16.97,302,22.31,0.60080147,6276259.10
56.0,0.0,281.96,1009,63,275.31,0.0,97,17.17,304,21.91,0.5830561,5944691.01
56.0,0.5,281.63,1008,70,276.48,0.0,96,15.14,307,20.81,0.56037134,5093524.43
56.0,1.0,281.35,1008,70,276.21,0.0,100,18.49,308,24.91,0.56075335,8736215.45
56.0,1.5,281.45,1007,71,276.51,0.0,100,18.94,305,23.91,0.3142885,7725754.11
56.0,2.0,281.23,1006,73,276.69,0.0,71,18.46,306,23.91,0.5952039,7725754.11
56.5,-8.0,282.19,1019,81,279.11,0.0,100,12.75,293,16.71,0.62470305,2637129.78
56.5,-7.5,282.19,1019,81,279.11,0.0,100,12.87,294,16.41,0.43376598,2497628.82
56.5,-7.0,282.19,1017,76,278.19,0.0,40,10.29,310,18.33,0.5895187,3480883.98
56.5,-6.5,281.93,1018,79,278.49,0.0,100,12.1,301,16.41,0.6437428,2497628.82
56.5,-6.0,281.19,1017,83,278.48,0.0,100,6.69,293,14.41,0.46122727,1691196.60
56.5,-5.5,282.32,1017,71,277.34,0.0,75,11.32,290,18.33,0.44561955,3480883.98
56.5,-5.0,280.11,1016,85,277.77,0.0,100,10.32,292,18.21,0.46788892,3412966.23
56.5,-4.5,280.23,1015,81,277.2,0.0,98,12.85,295,22.11,0.39293844,6108975.47
56.5,-4.0,276.97,1013,76,273.14,0.0,99,8.23,295,21.51,0.5664953,5625011.11
56.5,-3.5,282.03,1012,72,277.26,0.0,100,9.2,296,21.51,0.5298925,5625011.11
56.5,-3.0,282.17,1011,66,276.16,0.0,20,7.72,280,18.33,0.5681897,3480883.98
56.5,-2.5,282.9,1011,61,275.75,0.0,83,12.76,295,19.41,0.5568948,4133127.09
56.5,-2.0,283.2,1011,64,276.71,0.0,73,13.43,290,17.91,0.2679775,3247049.51
56.5,-1.5,281.52,1010,67,275.76,0.0,62,13.24,297,17.91,0.36329266,3247049.51
56.5,-1.0,281.56,1009,63,274.93,0.0,94,16.74,304,22.51,0.43579125,6446569.04
56.5,-0.5,281.43,1009,66,275.46,0.0,86,17.9,304,24.01,0.46022567,7823095.53
56.5,0.0,281.2,1008,70,276.07,0.0,78,17.98,306,25.11,0.438656,8948336.17
56.5,0.5,281.02,1007,71,276.09,0.0,42,18.91,307,26.01,0.39903185,9945421.87
56.5,1.0,280.94,1006,73,276.41,0.0,40,18.65,305,25.91,0.5220475,9831151.58
56.5,1.5,280.77,1006,74,276.44,0.0,57,19.34,305,26.11,0.38879895,10060574.20
56.5,2.0,280.55,1005,75,276.42,0.0,79,19.45,306,26.41,0.62263405,10411357.44
57.0,-8.0,281.18,1018,79,277.76,0.0,100,12.69,298,16.41,0.630672,2497628.82
57.0,-7.5,281.05,1017,79,277.64,0.0,100,13.06,300,17.41,0.62901896,2982623.71
57.0,-7.0,281.81,1017,78,278.19,0.0,100,13.04,302,17.31,0.63115144,2931523.34
57.0,-6.5,279.32,1017,78,275.78,0.0,100,12.76,303,16.91,0.63677984,2732958.12
57.0,-6.0,279.27,1017,95,278.53,0.0,100,11.28,304,15.91,0.4057539,2276211.91
57.0,-5.5,278.48,1016,85,276.17,0.0,100,7.54,294,15.91,0.6375004,2276211.91
57.0,-5.0,279.08,1015,80,275.9,0.0,100,7.45,290,16.11,0.47556713,2363136.32
57.0,-4.5,278.2,1014,83,275.56,0.0,100,10.59,290,18.61,0.5820935,3642849.86
57.0,-4.0,277.0,1013,78,273.52,0.0,100,11.87,298,21.71,0.14142682,5783378.60
57.0,-3.5,277.55,1012,74,273.33,0.0,100,14.15,299,24.41,0.3923004,8220637.38
57.0,-3.0,276.64,1010,68,271.51,0.0,63,11.65,300,23.51,0.4149033,7344462.89
57.0,-2.5,279.55,1010,71,274.68,0.0,36,11.37,306,23.41,0.6088385,7251141.74
57.0,-2.0,280.79,1009,71,275.87,0.0,40,15.7,304,24.11,0.60617197,7921251.17
57.0,-1.5,280.8,1009,67,275.07,0.0,88,15.77,304,22.81,0.53279173,6707767.62
57.0,-1.0,280.81,1008,71,275.89,0.0,55,17.07,304,24.61,0.5991657,8424361.49
57.0,-0.5,280.7,1007,72,275.98,0.0,39,18.42,303,26.01,0.647252,9945421.87
57.0,0.0,280.57,1007,73,276.05,0.0,54,19.35,303,26.71,0.60863984,10770201.22
57.0,0.5,280.46,1006,74,276.14,0.0,68,19.64,303,26.81,0.662063,10891622.87
57.0,1.0,280.36,1005,75,276.23,0.0,87,20.2,304,27.11,0.5983106,11261356.47
57.0,1.5,280.28,1004,75,276.15,0.0,78,20.43,305,27.31,0.78565013,11512436.66
57.0,2.0,281.15,1003,76,277.18,0.0,69,20.44,306,28.31,0.25608802,12823948.38
57.5,-8.0,281.18,1017,75,277.02,0.0,100,13.03,298,16.41,0.5313813,2497628.82
57.5,-7.5,281.18,1016,81,278.12,0.0,75,9.77,290,18.33,0.72493243,3480883.98
57.5,-7.0,281.18,1016,76,277.21,0.0,100,13.41,300,17.21,0.6420196,2881009.99
57.5,-6.5,279.13,1015,82,276.3,0.0,100,8.05,359,12.52,0.534356,1109213.48
57.5,-6.0,280.18,1015,73,275.68,0.0,100,10.15,294,15.31,0.45408636,2028279.15
57.5,-5.5,277.31,1015,82,274.52,0.0,100,8.14,287,15.21,0.65473783,1988793.97
57.5,-5.0,276.8,1014,83,274.19,0.0,100,11.76,284,18.61,0.3867649,3642849.86
57.5,-4.5,279.9,1012,75,275.79,0.0,87,8.85,283,18.21,0.5708395,3412966.23
57.5,-4.0,280.01,1012,71,275.12,0.0,40,11.32,270,16.98,0.58928317,2767038.56
57.5,-3.5,278.22,1010,76,274.35,0.0,75,15.95,280,22.64,0.6569228,6558906.21
57.5,-3.0,278.92,1010,74,274.65,0.0,94,11.1,293,20.91,0.6308018,5167306.85
57.5,-2.5,279.1,1009,79,275.74,0.0,83,13.73,299,22.81,0.5024433,6707767.62
57.5,-2.0,279.39,1008,79,276.02,0.0,35,14.6,303,24.11,0.5706749,7921251.17
57.5,-1.5,279.69,1007,72,275.01,0.0,17,19.92,305,27.31,0.49721986,11512436.66
57.5,-1.0,280.25,1007,73,275.74,0.0,26,20.54,305,27.91,0.38362166,12288013.01
57.5,-0.5,280.19,1006,74,275.88,0.0,25,20.39,305,27.91,0.47414553,12288013.01
57.5,0.0,280.12,1005,74,275.81,0.0,24,20.95,305,27.81,0.7874391,12156403.86
57.5,0.5,280.1,1004,74,275.79,0.0,33,20.98,305,27.51,0.89051926,11767221.39
57.5,1.0,280.13,1003,74,275.82,0.0,46,20.63,304,27.31,0.7919643,11512436.66
57.5,1.5,279.82,1002,73,275.33,0.0,54,20.58,302,27.01,0.6622044,11137197.10
57.5,2.0,279.82,1001,74,275.52,0.0,74,20.0,301,26.31,0.34589216,10293538.60
58.0,-8.0,281.18,1015,71,276.25,0.0,100,13.43,302,16.81,0.57367104,2684758.92
58.0,-7.5,280.98,1015,74,276.64,0.0,100,13.47,300,16.91,0.6586582,2732958.12
58.0,-7.0,277.36,1014,78,273.87,0.0,100,10.69,298,16.01,0.6537574,2319402.65
58.0,-6.5,279.53,1014,74,275.24,0.0,100,10.01,292,16.51,0.5714071,2543568.12
58.0,-6.0,279.79,1014,75,275.68,0.0,100,12.56,292,17.11,0.45578825,2831080.26
58.0,-5.5,280.67,1014,77,276.9,0.0,100,12.81,291,17.51,0.5772299,3034314.49
58.0,-5.0,277.96,1013,81,274.98,0.0,100,10.51,289,18.01,0.65716976,3301743.20
58.0,-4.5,278.71,1011,80,275.54,0.0,78,11.74,294,20.31,0.5847723,4735130.18
58.0,-4.0,280.09,1010,74,275.78,0.0,72,13.02,298,21.91,0.6486899,5944691.01
58.0,-3.5,280.1,1010,71,275.21,0.0,62,16.41,296,24.01,0.31878522,7823095.53
58.0,-3.0,279.86,1009,72,275.18,0.0,67,16.62,297,24.11,0.6401446,7921251.17
58.0,-2.5,279.91,1008,73,275.42,0.0,70,17.85,298,25.11,0.6532184,8948336.17
58.0,-2.0,279.82,1007,74,275.52,0.0,96,18.99,298,25.71,0.5035688,9605243.59
58.0,-1.5,279.82,1006,75,275.71,0.0,76,19.37,299,25.31,0.51782495,9163863.02
58.0,-1.0,279.83,1006,75,275.72,0.0,67,19.92,299,25.61,0.43621084,9493599.11
58.0,-0.5,279.81,1004,75,275.7,0.0,59,20.36,299,26.31,0.34638998,10293538.60
58.0,0.0,279.8,1003,73,275.31,0.0,56,20.73,299,26.91,0.3771576,11013953.70
58.0,0.5,279.84,1002,73,275.35,0.0,62,21.02,300,26.71,0.4610085,10770201.22
58.0,1.0,281.15,1001,73,276.61,0.0,55,21.09,301,26.11,0.610452,10060574.20
58.0,1.5,281.15,1001,74,276.8,0.0,51,20.95,302,25.71,0.5707142,9605243.59
58.0,2.0,281.15,1000,74,276.8,0.0,35,20.8,302,25.31,0.5065173,9163863.02
58.5,-8.0,280.94,1014,71,276.02,0.0,100,14.37,298,17.31,0.39741787,2931523.34
58.5,-7.5,279.82,1013,74,275.52,0.0,100,14.24,298,17.91,0.48856747,3247049.51
58.5,-7.0,279.81,1013,77,276.07,0.0,100,13.79,299,17.91,0.7498547,3247049.51
58.5,-6.5,279.81,1013,80,276.61,0.0,100,14.03,303,18.91,0.42356494,3821877.30
58.5,-6.0,279.97,1012,75,275.85,0.0,99,15.54,305,20.51,0.5675249,4876397.89
58.5,-5.5,280.45,1012,76,276.51,0.0,100,15.2,302,20.51,0.5909315,4876397.89
58.5,-5.0,280.25,1012,77,276.5,0.0,100,13.01,297,19.81,0.63495684,4393954.75
58.5,-4.5,279.8,1011,77,276.06,0.0,100,15.28,297,22.21,0.5947541,6192240.69
58.5,-4.0,278.42,1010,77,274.72,0.0,86,14.53,299,22.01,0.5781287,6026460.03
58.5,-3.5,279.1,1008,78,275.56,0.0,87,14.71,300,22.91,0.54470444,6796376.36
58.5,-3.0,279.39,1007,75,275.29,0.0,40,13.38,290,18.33,0.72774035,3480883.98
58.5,-2.5,279.39,1007,74,275.11,0.0,83,19.3,303,25.21,0.6628398,9055672.13
58.5,-2.0,279.39,1006,73,274.92,0.0,48,19.91,301,26.21,0.6318731,10176611.99
58.5,-1.5,279.45,1005,72,274.78,0.0,20,20.68,299,26.61,0.5463291,10649685.36
58.5,-1.0,279.49,1004,72,274.82,0.0,36,20.89,299,25.91,0.5852286,9831151.58
58.5,-0.5,279.49,1003,73,275.01,0.0,39,20.84,301,24.91,0.32481048,8736215.45
58.5,0.0,279.5,1002,74,275.21,0.0,38,20.7,301,24.21,0.5509217,8020224.43
58.5,0.5,279.5,1001,75,275.4,0.0,19,20.81,299,24.01,0.5451539,7823095.53
58.5,1.0,281.15,1000,76,277.18,0.0,11,20.61,300,23.81,0.5947324,7629223.53
58.5,1.5,281.15,999,77,277.37,0.0,11,20.2,301,23.71,0.5378735,7533500.39
58.5,2.0,281.15,999,66,275.19,0.0,75,28.81,300,34.47,0.54406863,23148667.85
59.0,-8.0,280.64,1012,64,274.28,0.0,100,14.65,306,18.41,0.40048882,3526659.40
59.0,-7.5,280.4,1012,66,274.48,0.0,96,15.09,308,19.31,0.63135505,4069574.23
59.0,-7.0,280.39,1012,71,275.49,0.0,100,15.5,304,19.91,0.68277717,4460832.68
59.0,-6.5,280.2,1011,72,275.5,0.0,99,15.45,306,20.11,0.37405822,4596617.49
59.0,-6.0,279.93,1011,73,275.44,0.0,84,16.01,307,20.51,0.5699449,4876397.89
59.0,-5.5,279.72,1010,74,275.42,0.0,64,16.34,306,21.11,0.54973596,5317002.36
59.0,-5.0,279.55,1010,74,275.26,0.0,91,16.38,308,21.31,0.59765047,5469561.40
59.0,-4.5,279.38,1009,73,274.91,0.0,88,17.25,306,22.11,0.6020457,6108975.47
59.0,-4.0,279.23,1008,73,274.76,0.0,81,18.42,303,23.41,0.60172105,7251141.74
59.0,-3.5,279.23,1007,74,274.95,0.0,74,19.23,302,23.81,0.5730678,7629223.53
59.0,-3.0,279.05,1006,70,274.0,0.0,75,14.4,300,18.33,0.6510722,3480883.98
59.0,-2.5,279.23,1005,76,275.32,0.0,30,18.85,303,23.01,0.64560455,6885762.02
59.0,-2.0,279.23,1004,77,275.51,0.0,37,19.05,302,23.11,0.6739662,6975928.00
59.0,-1.5,279.07,1003,79,275.71,0.0,38,19.47,302,23.31,0.6387909,7158614.47
59.0,-1.0,279.05,1002,79,275.69,0.0,33,19.91,304,23.51,0.33530092,7344462.89
59.0,-0.5,279.09,1001,80,275.91,0.0,33,20.19,303,23.61,0.61705905,7438581.31
59.0,0.0,279.16,1000,80,275.98,0.0,33,19.67,301,23.11,0.62241554,6975928.00
59.0,0.5,279.23,999,80,276.04,0.0,32,19.68,299,23.41,0.53924346,7251141.74
59.0,1.0,279.43,998,80,276.24,0.0,39,19.59,300,23.11,0.610619,6975928.00
59.0,1.5,279.44,997,81,276.42,0.0,36,19.36,300,22.51,0.5640917,6446569.04
59.0,2.0,279.15,996,81,276.14,0.0,36,19.02,300,21.91,0.54940325,5944691.01
59.5,-8.0,280.21,1011,63,273.65,0.0,100,15.09,308,18.91,0.64295214,3821877.30
59.5,-7.5,280.0,1011,64,273.67,0.0,100,15.93,307,19.51,0.6109034,4197338.18
59.5,-7.0,279.73,1010,66,273.84,0.0,96,16.38,306,20.01,0.40429705,4528385.79
59.5,-6.5,279.56,1010,65,273.47,0.0,87,16.16,310,19.81,0.5837749,4393954.75
59.5,-6.0,279.38,1009,66,273.51,0.0,80,16.28,314,20.21,0.51738924,4665531.15
59.5,-5.5,279.21,1009,69,273.96,0.0,69,16.38,312,20.31,0.55175394,4735130.18
59.5,-5.0,278.93,1008,69,273.69,0.0,66,16.74,316,19.81,0.6494977,4393954.75
59.5,-4.5,278.96,1007,72,274.31,0.0,48,16.96,320,20.11,0.4877633,4596617.49
59.5,-4.0,278.89,1007,74,274.62,0.0,45,17.68,315,21.21,0.65575284,5392922.25
59.5,-3.5,279.23,1006,74,274.95,0.0,45,18.44,308,22.31,0.34986818,6276259.10
59.5,-3.0,279.23,1004,74,274.95,0.0,39,18.97,306,22.41,0.56577045,6361034.09
59.5,-2.5,279.23,1003,74,274.95,0.0,23,19.23,305,22.81,0.423101,6707767.62
59.5,-2.0,279.16,1002,75,275.07,0.0,25,19.04,305,22.71,0.6296629,6619932.42
59.5,-1.5,279.16,1001,76,275.26,0.0,14,18.64,306,22.41,0.6556557,6361034.09
59.5,-1.0,279.16,1000,77,275.44,0.0,27,19.27,306,22.21,0.68660307,6192240.69
59.5,-0.5,279.16,999,77,275.44,0.0,22,18.14,307,21.81,0.3833673,5863664.99
59.5,0.0,279.45,998,76,275.54,0.0,35,17.84,309,22.01,0.7414982,6026460.03
59.5,0.5,279.61,997,76,275.69,0.0,47,17.23,310,21.41,0.5761413,5546923.23
59.5,1.0,279.15,996,78,275.61,0.0,55,16.77,312,21.21,0.7284857,5392922.25
59.5,1.5,279.15,995,79,275.79,0.0,56,16.84,310,21.41,0.5362775,5546923.23
59.5,2.0,279.15,995,81,276.14,0.0,75,21.61,320,18.33,0.33844846,3480883.98
60.0,-8.0,279.18,1010,67,273.52,0.0,91,14.19,314,18.21,0.780282,3412966.23
60.0,-7.5,279.1,1010,63,272.67,0.0,89,15.47,314,19.91,0.33163613,4460832.68
60.0,-7.0,278.89,1010,64,272.68,0.0,83,15.75,316,20.01,0.77013916,4528385.79
60.0,-6.5,278.5,1009,66,272.73,0.0,74,14.76,318,18.01,0.5231774,3301743.20
60.0,-6.0,278.23,1008,65,272.31,0.0,84,15.02,317,17.51,0.4703404,3034314.49
60.0,-5.5,278.35,1008,63,272.04,0.0,79,16.34,316,18.91,0.48106918,3821877.30
60.0,-5.0,278.31,1007,63,272.0,0.0,79,17.33,320,20.01,0.5119309,4528385.79
60.0,-4.5,278.24,1006,70,273.23,0.0,70,18.1,318,21.51,0.752869,5625011.11
60.0,-4.0,278.48,1005,77,274.78,0.0,36,18.62,312,22.11,0.6490122,6108975.47
60.0,-3.5,278.62,1004,78,275.1,0.0,32,19.19,310,22.61,0.7152679,6532867.35
60.0,-3.0,278.62,1003,78,275.1,0.0,15,19.86,309,23.21,0.5011205,7066877.69
60.0,-2.5,279.16,1002,78,275.62,0.0,31,19.96,307,23.71,0.6654575,7533500.39
60.0,-2.0,279.16,1001,77,275.44,0.0,49,19.26,305,23.01,0.43266737,6885762.02
60.0,-1.5,279.16,1000,70,274.11,0.0,90,16.46,310,18.33,0.47924122,3480883.98
60.0,-1.0,279.16,999,76,275.26,0.0,32,18.08,305,21.01,0.70169294,5241798.36
60.0,-0.5,279.16,998,77,275.44,0.0,47,18.16,308,20.91,0.45469067,5167306.85
60.0,0.0,278.88,997,80,275.7,0.0,50,17.97,306,21.21,0.3357419,5392922.25
60.0,0.5,278.92,996,79,275.57,0.0,58,17.73,308,21.41,0.4476835,5546923.23
60.0,1.0,279.02,995,79,275.66,0.0,65,17.5,311,21.71,0.61443764,5783378.60
60.0,1.5,279.15,994,78,275.61,0.0,67,17.95,312,22.61,0.62627786,6532867.35
60.0,2.0,279.15,994,78,275.61,0.0,28,18.63,310,23.41,0.6710578,7251141.74