,tempc,feelsc,windspeed_kph,winddir_deg,pressure_mb,precip_mm,humidity,visibility_km,cloud,weather_code,uvindex,isday,updatedon,a,Unnamed: 0,stationid,b,c,lat,lon
0,-0.1,-6.2,26.6,265.9,996.5,4.9,97.7,2.0,100.0,1225.0,1.0,1.0,2022-02-05 15:00,10898.0,10898,13135518,10898.0,10898.0,49.719448,-7.862957
1,-1.2,-8.8,38.2,262.7,995.1,2.8,85.8,0.0,100.0,1117.0,1.0,1.0,2022-02-05 15:00,2674.0,2674,8762895,2674.0,2674.0,49.719448,-7.852957
2,-1.6,-7.6,22.3,264.6,997.2,4.2,96.9,2.0,100.0,1225.0,1.0,1.0,2022-02-05 15:00,2714.0,2714,9076248,2714.0,2714.0,49.719448,-7.842957
3,-2,-9.9,37.8,268.5,994.5,1.1,75.8,0.0,94.2,1117.0,1.0,1.0,2022-02-05 15:00,2675.0,2675,8763561,2675.0,2675.0,49.719448,-7.8329569999999995
4,-2,-8.2,23.0,265.2,997.1,4.3,96.9,2.0,100.0,1225.0,1.0,1.0,2022-02-05 15:00,825.0,825,364302,825.0,825.0,49.719448,-7.822957
5,0.1,-5.8,24.8,271.2,997.6,4.2,97.3,2.0,100.0,1225.0,1.0,1.0,2022-02-05 15:00,2673.0,2673,8762229,2673.0,2673.0,49.719448,-7.812957
6,0.7,-5.7,31.7,268.8,995.5,4.3,96.4,0.0,83.5,1117.0,1.0,1.0,2022-02-05 15:00,2715.0,2715,9076581,2715.0,2715.0,49.719448,-7.802957
7,1.2,-4.8,29.2,266.9,994.4,3.1,91.6,0.0,67.9,1117.0,1.0,1.0,2022-02-05 15:00,852.0,852,373293,852.0,852.0,49.719448,-7.7929569999999995
8,10,5.2,57.6,249.9,1015.5,0.0,82.1,10.0,100.0,1009.0,3.0,1.0,2022-02-05 15:00,2650.0,2650,8751906,2650.0,2650.0,49.719448,-7.782957
9,10,5.21,47.9,230.0,1010.2,0.1,76.0,10.0,75.0,1003.0,2.0,1.0,2022-02-05 15:00,2591.0,2591,8585739,2591.0,2591.0,49.719448,-7.772957
10,10,5.32,47.9,230.0,1010.2,0.1,76.0,10.0,75.0,1003.0,2.0,1.0,2022-02-05 15:00,2598.0,2598,8588736,2598.0,2598.0,49.719448,-7.762957
11,10,5.36,47.9,240.0,1016.9,0.0,87.0,9.0,75.0,1003.0,2.0,1.0,2022-02-05 15:00,2557.0,2557,8572086,2557.0,2557.0,49.719448,-7.752956999999999
12,10,5.45,47.9,240.0,1016.9,0.0,87.0,9.0,75.0,1003.0,3.0,1.0,2022-02-05 15:00,954.0,954,407259,954.0,954.0,49.719448,-7.742957
13,10,5.52,47.9,240.0,1016.9,0.1,87.0,9.0,75.0,1003.0,3.0,1.0,2022-02-05 15:00,918.0,918,395271,918.0,918.0,49.719448,-7.732957
14,10,5.53,47.9,230.0,1010.2,0.3,76.0,10.0,75.0,1003.0,2.0,1.0,2022-02-05 15:00,824.0,824,363969,824.0,824.0,49.719448,-7.722957
15,10,5.53,47.9,240.0,1016.9,0.3,87.0,9.0,75.0,1003.0,2.0,1.0,2022-02-05 15:00,817.0,817,361638,817.0,817.0,49.719448,-7.712956999999999
16,10,5.53,47.9,240.0,1016.9,0.9,87.0,9.0,75.0,1003.0,2.0,1.0,2022-02-05 15:00,2618.0,2618,8741250,2618.0,2618.0,49.719448,-7.702957
17,10,5.55,47.9,240.0,1016.9,0.1,87.0,9.0,75.0,1003.0,3.0,1.0,2022-02-05 15:00,970.0,970,412587,970.0,970.0,49.719448,-7.692957
18,10,5.57,47.9,240.0,1016.9,0.2,87.0,9.0,75.0,1003.0,2.0,1.0,2022-02-05 15:00,2646.0,2646,8750574,2646.0,2646.0,49.719448,-7.682957
19,10,5.58,47.9,240.0,1016.9,0.1,87.0,9.0,75.0,1003.0,2.0,1.0,2022-02-05 15:00,2633.0,2633,8746245,2633.0,2633.0,49.719448,-7.672956999999999
20,10,5.62,28.1,250.0,1019.0,0.0,76.0,10.0,75.0,1003.0,2.0,1.0,2022-02-05 15:00,2772.0,2772,9301023,2772.0,2772.0,49.719448,-7.662957
21,10,5.67,28.1,240.0,1022.0,0.1,87.0,10.0,75.0,1003.0,3.0,1.0,2022-02-05 15:00,2577.0,2577,8580411,2577.0,2577.0,49.719448,-7.652957
22,10,5.67,31.0,240.0,1020.0,0.0,82.0,10.0,50.0,1003.0,2.0,1.0,2022-02-05 15:00,2592.0,2592,8586072,2592.0,2592.0,49.719448,-7.642957
23,10,5.68,47.9,230.0,1010.2,0.4,76.0,10.0,75.0,1003.0,2.0,1.0,2022-02-05 15:00,2638.0,2638,8747910,2638.0,2638.0,49.719448,-7.632956999999999
24,10,5.72,34.9,260.0,1016.9,0.2,82.0,10.0,50.0,1003.0,2.0,1.0,2022-02-05 15:00,2309.0,2309,4166163,2309.0,2309.0,49.719448,-7.6229569999999995
25,10,5.74,34.9,260.0,1016.9,0.2,82.0,10.0,50.0,1003.0,2.0,1.0,2022-02-05 15:00,956.0,956,407925,956.0,956.0,49.719448,-7.612957
26,10,5.77,34.9,260.0,1016.9,0.3,82.0,10.0,50.0,1003.0,2.0,1.0,2022-02-05 15:00,2379.0,2379,4638690,2379.0,2379.0,49.719448,-7.602957
27,10,5.79,20.2,230.0,1017.9,0.0,71.0,10.0,50.0,1003.0,2.0,1.0,2022-02-05 15:00,887.0,887,384948,887.0,887.0,49.719448,-7.592957
28,10,5.79,34.9,240.0,1017.9,0.0,66.0,10.0,50.0,1003.0,2.0,1.0,2022-02-05 15:00,2307.0,2307,4155174,2307.0,2307.0,49.719448,-7.5829569999999995
29,10,5.81,34.9,260.0,1016.9,0.2,82.0,10.0,50.0,1003.0,2.0,1.0,2022-02-05 15:00,1016.0,1016,427905,1016.0,1016.0,49.719448,-7.572957
30,10,5.81,47.9,240.0,1016.9,0.3,87.0,9.0,75.0,1003.0,2.0,1.0,2022-02-05 15:00,971.0,971,412920,971.0,971.0,49.719448,-7.562957
31,10,5.83,47.9,230.0,1010.2,0.3,76.0,10.0,75.0,1003.0,2.0,1.0,2022-02-05 15:00,2623.0,2623,8742915,2623.0,2623.0,49.719448,-7.552957
32,10,5.84,47.9,230.0,1010.2,0.3,76.0,10.0,75.0,1003.0,1.0,1.0,2022-02-05 15:00,1002.0,1002,423243,1002.0,1002.0,49.719448,-7.5429569999999995
33,10,5.86,31.0,240.0,1020.0,0.0,82.0,10.0,50.0,1003.0,2.0,1.0,2022-02-05 15:00,983.0,983,416916,983.0,983.0,49.719448,-7.532957
34,10,5.86,37.1,230.0,1015.9,0.0,62.0,10.0,50.0,1003.0,2.0,1.0,2022-02-05 15:00,1028.0,1028,431901,1028.0,1028.0,49.719448,-7.522957
35,10,5.9,34.9,260.0,1016.9,0.8,82.0,10.0,50.0,1003.0,2.0,1.0,2022-02-05 15:00,2640.0,2640,8748576,2640.0,2640.0,49.719448,-7.512957
36,10,5.92,28.1,240.0,1022.0,0.1,87.0,10.0,75.0,1003.0,3.0,1.0,2022-02-05 15:00,989.0,989,418914,989.0,989.0,49.719448,-7.502956999999999
37,10,5.92,34.9,260.0,1016.9,0.7,82.0,10.0,50.0,1003.0,2.0,1.0,2022-02-05 15:00,988.0,988,418581,988.0,988.0,49.719448,-7.492957
38,10,5.94,34.9,260.0,1016.9,1.3,82.0,10.0,50.0,1003.0,2.0,1.0,2022-02-05 15:00,853.0,853,373626,853.0,853.0,49.719448,-7.482957
39,10,5.94,47.9,240.0,1016.9,0.4,87.0,9.0,75.0,1003.0,2.0,1.0,2022-02-05 15:00,3306.0,3306,10579743,3306.0,3306.0,49.719448,-7.472957
40,10,5.96,34.9,260.0,1016.9,0.6,82.0,10.0,50.0,1003.0,2.0,1.0,2022-02-05 15:00,2377.0,2377,4632030,2377.0,2377.0,49.719448,-7.462956999999999
41,10,5.96,47.9,230.0,1010.2,0.7,76.0,10.0,75.0,1003.0,2.0,1.0,2022-02-05 15:00,2611.0,2611,8593731,2611.0,2611.0,49.719448,-7.452957
42,10,5.96,47.9,240.0,1016.9,0.5,87.0,9.0,75.0,1003.0,2.0,1.0,2022-02-05 15:00,2625.0,2625,8743581,2625.0,2625.0,49.719448,-7.442957
43,10,5.98,47.9,240.0,1016.9,0.4,87.0,9.0,75.0,1003.0,2.0,1.0,2022-02-05 15:00,2366.0,2366,4532796,2366.0,2366.0,49.719448,-7.432957
44,10,5.99,24.1,240.0,1012.9,0.9,71.0,10.0,75.0,1009.0,2.0,1.0,2022-02-05 15:00,880.0,880,382617,880.0,880.0,49.719448,-7.422956999999999
45,10,5.99,29.9,250.0,1016.9,0.1,66.0,10.0,75.0,1003.0,2.0,1.0,2022-02-05 15:00,1887.0,1887,2423574,1887.0,1887.0,49.719448,-7.412957
46,10,5.99,31.0,220.0,1016.9,0.0,71.0,10.0,75.0,1003.0,2.0,1.0,2022-02-05 15:00,873.0,873,380286,873.0,873.0,49.719448,-7.402957
47,10,5.99,31.0,220.0,1016.9,0.1,71.0,10.0,75.0,1003.0,2.0,1.0,2022-02-05 15:00,2796.0,2796,9612378,2796.0,2796.0,49.719448,-7.392957
48,10,6.03,24.1,240.0,1012.9,0.6,71.0,10.0,75.0,1009.0,2.0,1.0,2022-02-05 15:00,2312.0,2312,4173156,2312.0,2312.0,49.719448,-7.382956999999999
49,10,6.03,25.9,220.0,1014.9,0.1,82.0,10.0,75.0,1009.0,2.0,1.0,2022-02-05 15:00,858.0,858,375291,858.0,858.0,49.719448,-7.3729569999999995
50,10,6.03,34.9,240.0,1016.9,0.0,66.0,10.0,75.0,1003.0,2.0,1.0,2022-02-05 15:00,2332.0,2332,4258737,2332.0,2332.0,49.719448,-7.362957
51,10,6.05,20.2,230.0,1016.9,0.1,62.0,10.0,75.0,1003.0,2.0,1.0,2022-02-05 15:00,2298.0,2298,4081914,2298.0,2298.0,49.719448,-7.352957
52,10,6.05,25.9,220.0,1014.9,0.4,82.0,10.0,75.0,1009.0,2.0,1.0,2022-02-05 15:00,2619.0,2619,8741583,2619.0,2619.0,49.719448,-7.342957
53,10,6.05,31.0,240.0,1020.0,0.0,82.0,10.0,50.0,1003.0,2.0,1.0,2022-02-05 15:00,2411.0,2411,4966362,2411.0,2411.0,49.719448,-7.3329569999999995
54,10,6.07,31.0,220.0,1016.9,0.1,71.0,10.0,75.0,1003.0,2.0,1.0,2022-02-05 15:00,2766.0,2766,9298692,2766.0,2766.0,49.719448,-7.322957
55,10,6.07,34.9,260.0,1016.9,0.2,82.0,10.0,50.0,1003.0,2.0,1.0,2022-02-05 15:00,2626.0,2626,8743914,2626.0,2626.0,49.719448,-7.312957
56,10,6.09,24.1,240.0,1015.9,0.1,71.0,10.0,50.0,1003.0,2.0,1.0,2022-02-05 15:00,2651.0,2651,8752239,2651.0,2651.0,49.719448,-7.302956999999999
57,10,6.09,25.9,220.0,1014.9,0.2,82.0,10.0,75.0,1009.0,2.0,1.0,2022-02-05 15:00,2770.0,2770,9300024,2770.0,2770.0,49.719448,-7.2929569999999995
58,10,6.09,31.0,220.0,1016.9,0.1,71.0,10.0,75.0,1003.0,2.0,1.0,2022-02-05 15:00,2299.0,2299,4096566,2299.0,2299.0,49.719448,-7.282957
59,10,6.09,47.9,240.0,1016.9,1.4,87.0,9.0,75.0,1003.0,2.0,1.0,2022-02-05 15:00,2612.0,2612,8594064,2612.0,2612.0,49.719448,-7.272957
60,10,6.11,20.2,230.0,1016.9,0.0,62.0,10.0,75.0,1003.0,2.0,1.0,2022-02-05 15:00,945.0,945,404262,945.0,945.0,49.719448,-7.262957
61,10,6.11,20.2,230.0,1017.9,0.0,71.0,10.0,50.0,1003.0,2.0,1.0,2022-02-05 15:00,2689.0,2689,8769555,2689.0,2689.0,49.719448,-7.252956999999999
62,10,6.11,24.1,240.0,1012.9,0.2,71.0,10.0,75.0,1009.0,2.0,1.0,2022-02-05 15:00,2621.0,2621,8742249,2621.0,2621.0,49.719448,-7.242957
63,10,6.11,31.0,220.0,1016.9,0.1,71.0,10.0,75.0,1003.0,2.0,1.0,2022-02-05 15:00,955.0,955,407592,955.0,955.0,49.719448,-7.232957
64,10,6.11,34.9,240.0,1017.9,0.1,66.0,10.0,50.0,1003.0,2.0,1.0,2022-02-05 15:00,819.0,819,362304,819.0,819.0,49.719448,-7.222957
65,10,6.13,25.9,220.0,1014.9,0.1,82.0,10.0,75.0,1009.0,2.0,1.0,2022-02-05 15:00,1891.0,1891,2755242,1891.0,1891.0,49.719448,-7.212956999999999
66,10,6.13,25.9,220.0,1014.9,0.1,82.0,10.0,75.0,1009.0,2.0,1.0,2022-02-05 15:00,2806.0,2806,9950373,2806.0,2806.0,49.719448,-7.202957
67,10,6.13,31.0,250.0,1014.9,0.1,76.0,10.0,75.0,1003.0,3.0,1.0,2022-02-05 15:00,368.0,368,180153,368.0,368.0,49.719448,-7.192957
68,10,6.13,46.1,250.0,1011.9,0.9,87.0,8.0,75.0,1183.0,2.0,1.0,2022-02-05 15:00,,2218,3378285,2218.0,2218.0,49.719448,-7.182957
69,10,6.16,24.1,240.0,1015.9,0.1,71.0,10.0,50.0,1003.0,2.0,1.0,2022-02-05 15:00,2360.0,2360,4520142,2360.0,2360.0,49.719448,-7.172956999999999
70,10,6.16,24.1,240.0,1015.9,0.2,71.0,10.0,50.0,1003.0,2.0,1.0,2022-02-05 15:00,2799.0,2799,9616707,2799.0,2799.0,49.719448,-7.162957
71,10,6.16,25.9,220.0,1014.9,0.4,82.0,10.0,75.0,1009.0,2.0,1.0,2022-02-05 15:00,2765.0,2765,9298359,2765.0,2765.0,49.719448,-7.152957
72,10,6.16,47.9,250.0,1015.2,0.2,82.0,10.0,100.0,1009.0,2.0,1.0,2022-02-05 15:00,2758.0,2758,9296028,2758.0,2758.0,49.719448,-7.142957
73,10,6.18,24.1,240.0,1015.9,0.2,71.0,10.0,50.0,1003.0,2.0,1.0,2022-02-05 15:00,1017.0,1017,428238,1017.0,1017.0,49.719448,-7.132956999999999
74,10,6.18,47.9,250.0,1015.2,0.1,82.0,10.0,100.0,1009.0,2.0,1.0,2022-02-05 15:00,2240.0,2240,3479184,2240.0,2240.0,49.719448,-7.1229569999999995
75,10,6.2,24.1,240.0,1015.9,0.2,71.0,10.0,50.0,1003.0,2.0,1.0,2022-02-05 15:00,2338.0,2338,4312017,2338.0,2338.0,49.719448,-7.112957
76,10,6.2,34.9,240.0,1017.9,0.0,66.0,10.0,50.0,1003.0,2.0,1.0,2022-02-05 15:00,2688.0,2688,8769222,2688.0,2688.0,49.719448,-7.102957
77,10,6.2,37.1,230.0,1015.9,0.0,62.0,10.0,50.0,1003.0,2.0,1.0,2022-02-05 15:00,2296.0,2296,4072923,2296.0,2296.0,49.719448,-7.092957
78,10,6.22,25.9,220.0,1014.9,0.2,82.0,10.0,75.0,1009.0,2.0,1.0,2022-02-05 15:00,1885.0,1885,2422908,1885.0,1885.0,49.719448,-7.0829569999999995
79,10,6.22,34.9,260.0,1016.9,0.1,82.0,10.0,50.0,1003.0,2.0,1.0,2022-02-05 15:00,2738.0,2738,9085239,2738.0,2738.0,49.719448,-7.072957
80,10,6.22,37.1,230.0,1015.9,0.0,62.0,10.0,50.0,1003.0,2.0,1.0,2022-02-05 15:00,2551.0,2551,8570088,2551.0,2551.0,49.719448,-7.062957
81,10,6.24,28.1,240.0,1022.0,0.1,87.0,10.0,75.0,1003.0,3.0,1.0,2022-02-05 15:00,959.0,959,408924,959.0,959.0,49.719448,-7.052956999999999
82,10,6.24,31.0,220.0,1016.9,0.0,71.0,10.0,75.0,1003.0,2.0,1.0,2022-02-05 15:00,868.0,868,378621,868.0,868.0,49.719448,-7.0429569999999995
83,10,6.24,37.1,230.0,1015.9,0.0,62.0,10.0,50.0,1003.0,2.0,1.0,2022-02-05 15:00,2802.0,2802,9617706,2802.0,2802.0,49.719448,-7.032957
84,10,6.24,37.1,230.0,1015.9,0.0,62.0,10.0,50.0,1003.0,2.0,1.0,2022-02-05 15:00,2225.0,2225,3447882,2225.0,2225.0,49.719448,-7.022957
85,10,6.24,47.9,250.0,1015.2,0.2,82.0,10.0,100.0,1009.0,2.0,1.0,2022-02-05 15:00,2596.0,2596,8587737,2596.0,2596.0,49.719448,-7.012957
86,10,6.26,20.2,230.0,1016.9,0.0,62.0,10.0,75.0,1003.0,2.0,1.0,2022-02-05 15:00,1892.0,1892,2755575,1892.0,1892.0,49.719448,-7.002956999999999
87,10,6.26,25.9,220.0,1014.9,0.1,82.0,10.0,75.0,1009.0,2.0,1.0,2022-02-05 15:00,2387.0,2387,4750911,2387.0,2387.0,49.719448,-6.992957
88,10,6.26,25.9,220.0,1014.9,0.1,82.0,10.0,75.0,1009.0,2.0,1.0,2022-02-05 15:00,2622.0,2622,8742582,2622.0,2622.0,49.719448,-6.982957
89,10,6.26,25.9,220.0,1014.9,0.2,82.0,10.0,75.0,1009.0,2.0,1.0,2022-02-05 15:00,910.0,910,392607,910.0,910.0,49.719448,-6.972957
90,10,6.26,34.9,260.0,1016.9,0.2,82.0,10.0,50.0,1003.0,2.0,1.0,2022-02-05 15:00,2357.0,2357,4458537,2357.0,2357.0,49.719448,-6.962956999999999
91,10,6.26,37.1,230.0,1015.9,0.0,62.0,10.0,50.0,1003.0,2.0,1.0,2022-02-05 15:00,2614.0,2614,8595396,2614.0,2614.0,49.719448,-6.952957
92,10,6.28,34.9,240.0,1017.9,0.1,66.0,10.0,50.0,1003.0,2.0,1.0,2022-02-05 15:00,1888.0,1888,2423907,1888.0,1888.0,49.719448,-6.942957
93,10,6.28,47.9,250.0,1015.2,0.2,82.0,10.0,100.0,1009.0,2.0,1.0,2022-02-05 15:00,1024.0,1024,430569,1024.0,1024.0,49.719448,-6.932957
94,10,6.3,24.1,240.0,1012.9,0.1,71.0,10.0,75.0,1009.0,2.0,1.0,2022-02-05 15:00,2417.0,2417,4976352,2417.0,2417.0,49.719448,-6.922956999999999
95,10,6.3,34.9,240.0,1016.9,0.0,66.0,10.0,75.0,1003.0,2.0,1.0,2022-02-05 15:00,987.0,987,418248,987.0,987.0,49.719448,-6.912957
96,10,6.33,34.9,240.0,1016.9,0.0,66.0,10.0,75.0,1003.0,2.0,1.0,2022-02-05 15:00,2687.0,2687,8768889,2687.0,2687.0,49.719448,-6.902957
97,10,6.35,29.9,250.0,1016.9,0.0,66.0,10.0,75.0,1003.0,2.0,1.0,2022-02-05 15:00,850.0,850,372627,850.0,850.0,49.719448,-6.892957
98,10,6.37,20.2,230.0,1016.9,0.0,62.0,10.0,75.0,1003.0,2.0,1.0,2022-02-05 15:00,823.0,823,363636,823.0,823.0,49.719448,-6.882956999999999
99,10,6.37,20.2,230.0,1016.9,0.0,62.0,10.0,75.0,1003.0,2.0,1.0,2022-02-05 15:00,1884.0,1884,2422575,1884.0,1884.0,49.719448,-6.8729569999999995
100,10,6.37,29.9,250.0,1016.9,0.0,66.0,10.0,75.0,1003.0,2.0,1.0,2022-02-05 15:00,1894.0,1894,2758572,1894.0,1894.0,49.719448,-6.862957
101,10,6.37,31.0,240.0,1020.0,0.0,82.0,10.0,50.0,1003.0,2.0,1.0,2022-02-05 15:00,2586.0,2586,8584074,2586.0,2586.0,49.719448,-6.852957
102,10,6.39,34.9,240.0,1016.9,0.0,66.0,10.0,75.0,1003.0,2.0,1.0,2022-02-05 15:00,2348.0,2348,4358304,2348.0,2348.0,49.719448,-6.842957
103,10,6.39,34.9,240.0,1016.9,0.0,66.0,10.0,75.0,1003.0,2.0,1.0,2022-02-05 15:00,2345.0,2345,4344984,2345.0,2345.0,49.719448,-6.8329569999999995
104,10,6.39,47.9,250.0,1015.2,0.1,82.0,10.0,100.0,1009.0,2.0,1.0,2022-02-05 15:00,931.0,931,399600,931.0,931.0,49.719448,-6.822957
105,10,6.42,20.2,230.0,1016.9,0.0,62.0,10.0,75.0,1003.0,2.0,1.0,2022-02-05 15:00,2631.0,2631,8745579,2631.0,2631.0,49.719448,-6.812957
106,10,6.42,20.2,230.0,1016.9,0.0,62.0,10.0,75.0,1003.0,2.0,1.0,2022-02-05 15:00,2342.0,2342,4328667,2342.0,2342.0,49.719448,-6.802956999999999
107,10,6.44,31.0,220.0,1016.9,0.0,71.0,10.0,75.0,1003.0,2.0,1.0,2022-02-05 15:00,2395.0,2395,4835826,2395.0,2395.0,49.719448,-6.7929569999999995
108,10,6.44,31.0,240.0,1020.0,0.0,82.0,10.0,50.0,1003.0,2.0,1.0,2022-02-05 15:00,834.0,834,367299,834.0,834.0,49.719448,-6.782957
109,10,6.44,34.9,240.0,1017.9,0.0,66.0,10.0,50.0,1003.0,2.0,1.0,2022-02-05 15:00,940.0,940,402597,940.0,940.0,49.719448,-6.772957
110,10,6.46,20.2,230.0,1017.9,0.0,71.0,10.0,50.0,1003.0,2.0,1.0,2022-02-05 15:00,2581.0,2581,8582076,2581.0,2581.0,49.719448,-6.762957
111,10,6.46,28.1,250.0,1019.0,0.1,76.0,10.0,75.0,1003.0,2.0,1.0,2022-02-05 15:00,2238.0,2238,3470526,2238.0,2238.0,49.719448,-6.752956999999999
112,10,6.46,28.1,250.0,1019.0,0.1,76.0,10.0,75.0,1003.0,2.0,1.0,2022-02-05 15:00,952.0,952,406593,952.0,952.0,49.719448,-6.742957
113,10,6.46,29.9,250.0,1016.9,0.0,66.0,10.0,75.0,1003.0,2.0,1.0,2022-02-05 15:00,2416.0,2416,4974687,2416.0,2416.0,49.719448,-6.732957
114,10,6.49,20.2,230.0,1016.9,0.0,62.0,10.0,75.0,1003.0,2.0,1.0,2022-02-05 15:00,2318.0,2318,4197465,2318.0,2318.0,49.719448,-6.722956999999999
115,10,6.51,20.2,230.0,1017.9,0.0,71.0,10.0,50.0,1003.0,2.0,1.0,2022-02-05 15:00,2405.0,2405,4891437,2405.0,2405.0,49.719448,-6.712956999999999
116,10,6.51,34.9,240.0,1017.9,0.0,66.0,10.0,50.0,1003.0,2.0,1.0,2022-02-05 15:00,1920.0,1920,2920743,1920.0,1920.0,49.719448,-6.702957
117,10,6.53,37.1,230.0,1015.9,0.0,62.0,10.0,50.0,1003.0,2.0,1.0,2022-02-05 15:00,2389.0,2389,4763565,2389.0,2389.0,49.719448,-6.692957
118,10,6.63,34.9,240.0,1017.9,0.0,66.0,10.0,50.0,1003.0,2.0,1.0,2022-02-05 15:00,963.0,963,410256,963.0,963.0,49.719448,-6.682957
119,10,6.66,20.2,230.0,1017.9,0.0,71.0,10.0,50.0,1003.0,2.0,1.0,2022-02-05 15:00,2231.0,2231,3449880,2231.0,2231.0,49.719448,-6.672957
120,10,6.68,20.2,230.0,1016.9,0.0,62.0,10.0,75.0,1003.0,2.0,1.0,2022-02-05 15:00,876.0,876,381285,876.0,876.0,49.719448,-6.662957
121,10,6.68,20.2,230.0,1016.9,0.0,62.0,10.0,75.0,1003.0,2.0,1.0,2022-02-05 15:00,2311.0,2311,4167495,2311.0,2311.0,49.719448,-6.652957
122,10,6.68,29.9,250.0,1016.9,0.0,66.0,10.0,75.0,1003.0,2.0,1.0,2022-02-05 15:00,903.0,903,390276,903.0,903.0,49.719448,-6.642957
123,10,6.71,20.2,230.0,1017.9,0.0,71.0,10.0,50.0,1003.0,2.0,1.0,2022-02-05 15:00,2356.0,2356,4458204,2356.0,2356.0,49.719448,-6.632956999999999
124,10,6.71,34.9,240.0,1016.9,0.0,66.0,10.0,75.0,1003.0,2.0,1.0,2022-02-05 15:00,1886.0,1886,2423241,1886.0,1886.0,49.719448,-6.6229569999999995
125,10,6.84,20.2,230.0,1017.9,0.0,71.0,10.0,50.0,1003.0,2.0,1.0,2022-02-05 15:00,939.0,939,402264,939.0,939.0,49.719448,-6.612957
126,10,6.84,20.2,230.0,1017.9,0.0,71.0,10.0,50.0,1003.0,2.0,1.0,2022-02-05 15:00,1030.0,1030,432567,1030.0,1030.0,49.719448,-6.602957
127,10.1,5.9,43.6,251.9,1018.6,0.2,80.5,10.0,64.0,1240.0,3.0,1.0,2022-02-05 15:00,870.0,870,379287,870.0,870.0,49.719448,-6.592957
128,10.4,6.6,38.9,257.2,1021.1,0.2,78.2,10.0,57.2,1240.0,3.0,1.0,2022-02-05 15:00,979.0,979,415584,979.0,979.0,49.719448,-6.5829569999999995
129,10.6,6.5,46.1,257.0,1022.7,0.1,80.5,10.0,60.6,1063.0,3.0,1.0,2022-02-05 15:00,992.0,992,419913,992.0,992.0,49.719448,-6.572957
130,11,6.96,28.1,250.0,1020.0,0.0,66.0,10.0,75.0,1003.0,4.0,1.0,2022-02-05 15:00,1020.0,1020,429237,1020.0,1020.0,49.719448,-6.562957
131,11,7.0,33.1,250.0,1019.0,0.1,66.0,10.0,75.0,1003.0,2.0,1.0,2022-02-05 15:00,2771.0,2771,9300690,2771.0,2771.0,49.719448,-6.552956999999999
132,11,7.04,38.9,240.0,1021.0,0.1,82.0,10.0,50.0,1003.0,3.0,1.0,2022-02-05 15:00,860.0,860,375957,860.0,860.0,49.719448,-6.5429569999999995
133,11,7.1,38.9,240.0,1021.0,0.1,82.0,10.0,50.0,1003.0,3.0,1.0,2022-02-05 15:00,973.0,973,413586,973.0,973.0,49.719448,-6.532957
134,11,7.12,33.1,250.0,1019.0,0.1,66.0,10.0,75.0,1003.0,3.0,1.0,2022-02-05 15:00,981.0,981,416250,981.0,981.0,49.719448,-6.522957
135,11,7.14,28.1,250.0,1020.0,0.2,66.0,10.0,75.0,1003.0,2.0,1.0,2022-02-05 15:00,893.0,893,386946,893.0,893.0,49.719448,-6.512957
136,11,7.19,33.1,250.0,1019.0,0.2,66.0,10.0,75.0,1003.0,2.0,1.0,2022-02-05 15:00,2414.0,2414,4970358,2414.0,2414.0,49.719448,-6.502956999999999
137,11,7.21,28.1,250.0,1020.0,0.2,66.0,10.0,75.0,1003.0,2.0,1.0,2022-02-05 15:00,2768.0,2768,9299358,2768.0,2768.0,49.719448,-6.492957
138,11,7.24,38.9,240.0,1021.0,0.1,82.0,10.0,50.0,1003.0,3.0,1.0,2022-02-05 15:00,938.0,938,401931,938.0,938.0,49.719448,-6.482957
139,11,7.26,28.1,250.0,1020.0,0.2,66.0,10.0,75.0,1003.0,2.0,1.0,2022-02-05 15:00,832.0,832,366633,832.0,832.0,49.719448,-6.472956999999999
140,11,7.29,28.1,250.0,1020.0,0.0,66.0,10.0,75.0,1003.0,4.0,1.0,2022-02-05 15:00,857.0,857,374958,857.0,857.0,49.719448,-6.462956999999999
141,11,7.31,38.9,240.0,1021.0,0.1,82.0,10.0,50.0,1003.0,3.0,1.0,2022-02-05 15:00,877.0,877,381618,877.0,877.0,49.719448,-6.452957
142,11,7.33,33.1,250.0,1019.0,0.2,66.0,10.0,75.0,1003.0,2.0,1.0,2022-02-05 15:00,856.0,856,374625,856.0,856.0,49.719448,-6.442957
143,11,7.41,28.1,250.0,1020.0,0.1,66.0,10.0,75.0,1003.0,3.0,1.0,2022-02-05 15:00,2293.0,2293,4001328,2293.0,2293.0,49.719448,-6.432957
144,11,7.41,38.9,240.0,1021.0,0.0,82.0,10.0,50.0,1003.0,3.0,1.0,2022-02-05 15:00,972.0,972,413253,972.0,972.0,49.719448,-6.422957
145,11,7.48,28.1,250.0,1020.0,0.2,66.0,10.0,75.0,1003.0,2.0,1.0,2022-02-05 15:00,2559.0,2559,8572752,2559.0,2559.0,49.719448,-6.412957
146,11,7.52,38.9,240.0,1021.0,0.2,82.0,10.0,50.0,1003.0,2.0,1.0,2022-02-05 15:00,844.0,844,370629,844.0,844.0,49.719448,-6.402957
147,11,7.56,28.1,250.0,1020.0,0.3,66.0,10.0,75.0,1003.0,2.0,1.0,2022-02-05 15:00,879.0,879,382284,879.0,879.0,49.719448,-6.392957
148,11,7.56,33.1,250.0,1019.0,0.1,66.0,10.0,75.0,1003.0,3.0,1.0,2022-02-05 15:00,2235.0,2235,3461202,2235.0,2235.0,49.719448,-6.382956999999999
149,11,7.58,38.9,240.0,1021.0,0.1,82.0,10.0,50.0,1003.0,2.0,1.0,2022-02-05 15:00,2555.0,2555,8571420,2555.0,2555.0,49.719448,-6.3729569999999995
150,11,7.73,28.1,250.0,1020.0,0.1,66.0,10.0,75.0,1003.0,3.0,1.0,2022-02-05 15:00,892.0,892,386613,892.0,892.0,49.719448,-6.362957
151,2.2,-4.2,37.1,267.2,995.0,1.3,78.2,0.0,100.0,1117.0,1.0,1.0,2022-02-05 15:00,2777.0,2777,9533790,2777.0,2777.0,49.719448,-6.352957
152,2.3,-4.8,47.5,268.7,990.7,0.7,70.7,0.0,85.0,1117.0,1.0,1.0,2022-02-05 15:00,822.0,822,363303,822.0,822.0,49.719448,-6.342957
153,2.4,-2.6,23.0,268.5,997.0,6.0,97.8,2.0,100.0,1225.0,1.0,1.0,2022-02-05 15:00,2730.0,2730,9081909,2730.0,2730.0,49.719448,-6.3329569999999995
154,2.5,-2.6,24.1,265.9,997.2,4.0,94.3,2.0,100.0,1225.0,1.0,1.0,2022-02-05 15:00,896.0,896,387945,896.0,896.0,49.719448,-6.322957
155,2.5,-2.5,23.4,273.9,996.0,4.4,94.0,2.0,89.0,1225.0,1.0,1.0,2022-02-05 15:00,2613.0,2613,8594730,2613.0,2613.0,49.719448,-6.312957
156,2.7,-4.2,46.4,269.9,992.8,1.3,73.2,0.0,88.0,1117.0,1.0,1.0,2022-02-05 15:00,1022.0,1022,429903,1022.0,1022.0,49.719448,-6.302956999999999
157,3,-4.57,33.1,260.0,987.1,0.6,81.0,10.0,50.0,1213.0,1.0,1.0,2022-02-05 15:00,,2732,9082575,2732.0,2732.0,49.719448,-6.2929569999999995
158,3,-4.41,33.1,260.0,987.1,0.7,81.0,10.0,50.0,1213.0,1.0,1.0,2022-02-05 15:00,,2540,7294365,2540.0,2540.0,49.719448,-6.282957
159,3,-4.21,33.1,260.0,987.1,0.4,81.0,10.0,50.0,1213.0,1.0,1.0,2022-02-05 15:00,1032.0,1032,433233,1032.0,1032.0,49.719448,-6.272957
160,3.3,-4.0,56.2,268.2,989.9,0.8,68.6,0.0,57.7,1117.0,1.0,1.0,2022-02-05 15:00,,2737,9084573,2737.0,2737.0,49.719448,-6.262957
161,3.5,-3.1,45.4,273.0,995.3,0.7,69.2,0.0,68.2,1117.0,1.0,1.0,2022-02-05 15:00,1001.0,1001,422910,1001.0,1001.0,49.719448,-6.252956999999999
162,3.7,-2.9,46.4,270.0,994.7,1.0,69.2,0.0,72.9,1117.0,1.0,1.0,2022-02-05 15:00,2571.0,2571,8577081,2571.0,2571.0,49.719448,-6.242957
163,3.9,-2.4,43.6,270.0,995.3,0.8,68.4,7.0,78.5,1258.0,1.0,1.0,2022-02-05 15:00,2735.0,2735,9083574,2735.0,2735.0,49.719448,-6.232957
164,4,-3.5,47.9,270.0,994.9,0.6,81.0,10.0,50.0,1003.0,2.0,1.0,2022-02-05 15:00,836.0,836,367965,836.0,836.0,49.719448,-6.222956999999999
165,4,-3.46,47.9,270.0,994.9,0.6,81.0,10.0,50.0,1003.0,2.0,1.0,2022-02-05 15:00,2743.0,2743,9290367,2743.0,2743.0,49.719448,-6.212956999999999
166,4,-3.46,47.9,270.0,994.9,0.6,81.0,10.0,50.0,1003.0,2.0,1.0,2022-02-05 15:00,2744.0,2744,9290700,2744.0,2744.0,49.719448,-6.202957
167,4,-3.4,63.4,269.7,989.6,1.2,67.3,10.0,100.0,1249.0,1.0,1.0,2022-02-05 15:00,862.0,862,376623,862.0,862.0,49.719448,-6.192957
168,4,-3.34,47.9,270.0,994.9,0.7,81.0,10.0,50.0,1003.0,1.0,1.0,2022-02-05 15:00,1029.0,1029,432234,1029.0,1029.0,49.719448,-6.182957
169,4,-3.03,38.9,270.0,990.9,1.0,70.0,10.0,50.0,1009.0,1.0,1.0,2022-02-05 15:00,2746.0,2746,9291366,2746.0,2746.0,49.719448,-6.172957
170,4,-2.82,46.1,260.0,991.9,1.8,81.0,10.0,25.0,1183.0,2.0,1.0,2022-02-05 15:00,2787.0,2787,9569421,2787.0,2787.0,49.719448,-6.162957
171,4,-2.8,38.9,270.0,990.9,0.4,70.0,10.0,50.0,1009.0,1.0,1.0,2022-02-05 15:00,1013.0,1013,426906,1013.0,1013.0,49.719448,-6.152957
172,4,-2.78,46.1,260.0,991.9,1.8,81.0,10.0,25.0,1183.0,2.0,1.0,2022-02-05 15:00,2788.0,2788,9569754,2788.0,2788.0,49.719448,-6.142957
173,4,-2.63,46.1,260.0,991.9,0.6,81.0,10.0,25.0,1183.0,1.0,1.0,2022-02-05 15:00,2698.0,2698,9070920,2698.0,2698.0,49.719448,-6.132956999999999
174,4,-2.52,42.8,260.0,989.2,0.4,65.0,10.0,0.0,1000.0,1.0,1.0,2022-02-05 15:00,2749.0,2749,9292698,2749.0,2749.0,49.719448,-6.1229569999999995
175,4,-1.75,46.1,260.0,991.9,1.1,81.0,10.0,25.0,1183.0,1.0,1.0,2022-02-05 15:00,2697.0,2697,9070587,2697.0,2697.0,49.719448,-6.112957
176,4,-1.58,46.1,260.0,991.9,1.8,81.0,10.0,25.0,1183.0,1.0,1.0,2022-02-05 15:00,2712.0,2712,9075582,2712.0,2712.0,49.719448,-6.102957
177,4,-1.37,46.1,260.0,991.9,1.4,81.0,10.0,25.0,1183.0,1.0,1.0,2022-02-05 15:00,881.0,881,382950,881.0,881.0,49.719448,-6.092957
178,4,-1.31,46.1,260.0,991.9,3.8,81.0,10.0,25.0,1183.0,1.0,1.0,2022-02-05 15:00,859.0,859,375624,859.0,859.0,49.719448,-6.0829569999999995
179,4,-1.14,46.1,260.0,991.9,3.8,81.0,10.0,25.0,1183.0,1.0,1.0,2022-02-05 15:00,829.0,829,365634,829.0,829.0,49.719448,-6.072957
180,4.1,-2.7,52.6,270.2,994.1,1.1,67.8,10.0,60.9,1249.0,1.0,1.0,2022-02-05 15:00,2734.0,2734,9083241,2734.0,2734.0,49.719448,-6.062957
181,4.5,-2.5,60.1,268.9,991.0,1.2,67.0,10.0,50.8,1249.0,1.0,1.0,2022-02-05 15:00,2733.0,2733,9082908,2733.0,2733.0,49.719448,-6.052956999999999
182,4.5,-2.0,50.0,269.4,997.0,1.9,70.7,10.0,100.0,1249.0,1.0,1.0,2022-02-05 15:00,2736.0,2736,9083907,2736.0,2736.0,49.719448,-6.0429569999999995
183,4.5,-1.0,35.3,279.6,998.7,2.1,88.2,9.0,100.0,1204.0,1.0,1.0,2022-02-05 15:00,966.0,966,411255,966.0,966.0,49.719448,-6.032957
184,4.6,-1.5,43.2,252.0,1004.4,1.3,95.8,9.0,100.0,1204.0,1.0,1.0,2022-02-05 15:00,2676.0,2676,8764560,2676.0,2676.0,49.719448,-6.022957
185,5,-2.02,56.9,270.0,982.1,1.8,81.0,10.0,75.0,1258.0,2.0,1.0,2022-02-05 15:00,,2609,8593065,2609.0,2609.0,49.719448,-6.012957
186,5,-2.02,56.9,270.0,982.1,2.1,81.0,10.0,75.0,1258.0,1.0,1.0,2022-02-05 15:00,,2574,8578413,2574.0,2574.0,49.719448,-6.002956999999999
187,5,-1.75,56.9,270.0,982.1,1.5,81.0,10.0,75.0,1258.0,1.0,1.0,2022-02-05 15:00,,997,421578,,997.0,49.719448,-5.992957
188,5,-1.67,63.0,260.0,977.0,2.7,93.0,10.0,75.0,1183.0,2.0,1.0,2022-02-05 15:00,,2670,8758566,,2670.0,49.719448,-5.982957
189,5,-1.41,34.9,250.0,991.9,1.5,75.0,10.0,25.0,1009.0,1.0,1.0,2022-02-05 15:00,943.0,943,403596,943.0,943.0,49.719448,-5.972956999999999
190,5,-1.37,34.9,250.0,991.9,0.8,75.0,10.0,25.0,1009.0,1.0,1.0,2022-02-05 15:00,2610.0,2610,8593398,2610.0,2610.0,49.719448,-5.962956999999999
191,5,-1.1,34.9,250.0,991.9,1.6,75.0,10.0,25.0,1009.0,1.0,1.0,2022-02-05 15:00,2731.0,2731,9082242,2731.0,2731.0,49.719448,-5.952957
192,5,-1.08,34.9,250.0,991.9,1.3,75.0,10.0,25.0,1009.0,1.0,1.0,2022-02-05 15:00,926.0,926,397935,926.0,926.0,49.719448,-5.942957
193,5,-0.85,34.9,250.0,991.9,1.5,75.0,10.0,25.0,1009.0,1.0,1.0,2022-02-05 15:00,2745.0,2745,9291033,2745.0,2745.0,49.719448,-5.932957
194,5,-0.78,31.0,270.0,991.9,0.9,87.0,10.0,75.0,1009.0,1.0,1.0,2022-02-05 15:00,2748.0,2748,9292365,2748.0,2748.0,49.719448,-5.922957
195,5,-0.78,31.0,270.0,991.9,1.1,87.0,10.0,75.0,1009.0,1.0,1.0,2022-02-05 15:00,2700.0,2700,9071586,2700.0,2700.0,49.719448,-5.912957
196,5,-0.61,31.0,270.0,991.9,1.1,87.0,10.0,75.0,1009.0,1.0,1.0,2022-02-05 15:00,920.0,920,395937,920.0,920.0,49.719448,-5.902957
197,5,-0.56,31.0,270.0,991.9,1.2,87.0,10.0,75.0,1009.0,1.0,1.0,2022-02-05 15:00,2703.0,2703,9072585,2703.0,2703.0,49.719448,-5.892957
198,5,-0.24,31.0,270.0,991.9,1.2,87.0,10.0,75.0,1009.0,1.0,1.0,2022-02-05 15:00,2699.0,2699,9071253,2699.0,2699.0,49.719448,-5.882956999999999
199,5,-0.12,34.9,250.0,991.9,3.7,75.0,10.0,25.0,1009.0,1.0,1.0,2022-02-05 15:00,2719.0,2719,9077913,2719.0,2719.0,49.719448,-5.8729569999999995
200,5,-0.06,34.9,250.0,991.9,3.2,75.0,10.0,25.0,1009.0,1.0,1.0,2022-02-05 15:00,900.0,900,389277,900.0,900.0,49.719448,-5.862957
201,5,-0.0,31.0,270.0,991.9,3.1,87.0,10.0,75.0,1009.0,1.0,1.0,2022-02-05 15:00,902.0,902,389943,902.0,902.0,49.719448,-5.852957
202,5,-0.0,34.9,250.0,991.9,3.6,75.0,10.0,25.0,1009.0,1.0,1.0,2022-02-05 15:00,2678.0,2678,8765892,2678.0,2678.0,49.719448,-5.842957
203,5,0.03,34.9,250.0,991.9,3.4,75.0,10.0,25.0,1009.0,1.0,1.0,2022-02-05 15:00,2575.0,2575,8579745,2575.0,2575.0,49.719448,-5.8329569999999995
204,5,0.09,34.9,250.0,991.9,4.0,75.0,10.0,25.0,1009.0,1.0,1.0,2022-02-05 15:00,901.0,901,389610,901.0,901.0,49.719448,-5.822957
205,5,0.12,34.9,250.0,991.9,3.8,75.0,10.0,25.0,1009.0,1.0,1.0,2022-02-05 15:00,2671.0,2671,8760897,2671.0,2671.0,49.719448,-5.812957
206,5,0.25,34.9,250.0,991.9,4.5,75.0,10.0,25.0,1009.0,1.0,1.0,2022-02-05 15:00,2713.0,2713,9075915,2713.0,2713.0,49.719448,-5.802956999999999
207,5.5,0.2,36.0,253.7,1000.8,4.7,93.7,7.0,100.0,1189.0,2.0,1.0,2022-02-05 15:00,2723.0,2723,9079578,2723.0,2723.0,49.719448,-5.7929569999999995
208,6,-0.6,41.0,290.0,997.0,1.0,70.0,10.0,75.0,1003.0,2.0,1.0,2022-02-05 15:00,1019.0,1019,428904,1019.0,1019.0,49.719448,-5.782957
209,6,-0.33,41.0,290.0,997.0,1.2,70.0,10.0,75.0,1003.0,2.0,1.0,2022-02-05 15:00,2552.0,2552,8570421,2552.0,2552.0,49.719448,-5.772957
210,6,-0.08,41.0,290.0,997.0,1.3,70.0,10.0,75.0,1003.0,2.0,1.0,2022-02-05 15:00,2747.0,2747,9291699,2747.0,2747.0,49.719448,-5.762957
211,6,0.07,56.9,240.0,999.0,1.1,100.0,3.2,50.0,1189.0,2.0,1.0,2022-02-05 15:00,827.0,827,364968,827.0,827.0,49.719448,-5.752957
212,6,0.21,56.9,240.0,999.0,3.0,100.0,3.2,50.0,1189.0,2.0,1.0,2022-02-05 15:00,2757.0,2757,9295695,2757.0,2757.0,49.719448,-5.742957
213,6,0.23,56.9,240.0,999.0,2.7,100.0,3.2,50.0,1189.0,2.0,1.0,2022-02-05 15:00,2627.0,2627,8744247,2627.0,2627.0,49.719448,-5.732957
214,6,0.25,56.9,240.0,999.0,1.4,100.0,3.2,50.0,1189.0,2.0,1.0,2022-02-05 15:00,2643.0,2643,8749575,2643.0,2643.0,49.719448,-5.722956999999999
215,6,0.25,56.9,240.0,999.0,2.0,100.0,3.2,50.0,1189.0,1.0,1.0,2022-02-05 15:00,961.0,961,409590,961.0,961.0,49.719448,-5.712956999999999
216,6,0.25,56.9,240.0,999.0,2.4,100.0,3.2,50.0,1189.0,2.0,1.0,2022-02-05 15:00,2558.0,2558,8572419,2558.0,2558.0,49.719448,-5.702957
217,6,0.3,44.6,245.0,1005.1,2.4,96.9,9.0,100.0,1183.0,2.0,1.0,2022-02-05 15:00,2652.0,2652,8752572,2652.0,2652.0,49.719448,-5.692957
218,6,0.42,56.9,240.0,999.0,1.9,100.0,3.2,50.0,1189.0,2.0,1.0,2022-02-05 15:00,2754.0,2754,9294696,2754.0,2754.0,49.719448,-5.682957
219,6,0.47,56.9,240.0,999.0,1.5,100.0,3.2,50.0,1189.0,2.0,1.0,2022-02-05 15:00,2649.0,2649,8751573,2649.0,2649.0,49.719448,-5.672957
220,6,0.49,56.9,240.0,999.0,1.7,100.0,3.2,50.0,1189.0,2.0,1.0,2022-02-05 15:00,2778.0,2778,9538119,2778.0,2778.0,49.719448,-5.662957
221,6,0.49,56.9,240.0,999.0,1.7,100.0,3.2,50.0,1189.0,2.0,1.0,2022-02-05 15:00,864.0,864,377289,864.0,864.0,49.719448,-5.652957
222,6,0.56,56.9,240.0,999.0,2.3,100.0,3.2,50.0,1189.0,2.0,1.0,2022-02-05 15:00,2756.0,2756,9295362,2756.0,2756.0,49.719448,-5.642956999999999
223,6,0.72,56.9,240.0,999.0,3.2,100.0,3.2,50.0,1189.0,2.0,1.0,2022-02-05 15:00,2720.0,2720,9078246,2720.0,2720.0,49.719448,-5.632956999999999
224,6,0.85,56.9,240.0,999.0,4.2,100.0,3.2,50.0,1189.0,2.0,1.0,2022-02-05 15:00,2721.0,2721,9078579,2721.0,2721.0,49.719448,-5.6229569999999995
225,6,0.85,56.9,240.0,999.0,4.4,100.0,3.2,50.0,1189.0,2.0,1.0,2022-02-05 15:00,993.0,993,420246,993.0,993.0,49.719448,-5.612957
226,6,0.92,56.9,240.0,999.0,4.5,100.0,3.2,50.0,1189.0,2.0,1.0,2022-02-05 15:00,891.0,891,386280,891.0,891.0,49.719448,-5.602957
227,6.2,-0.3,62.6,236.3,988.4,0.9,90.0,9.0,100.0,1183.0,2.0,1.0,2022-02-05 15:00,,3130,10413576,3130.0,3130.0,49.719448,-5.592957
228,6.2,0.6,45.0,249.8,1003.9,2.7,92.0,7.0,100.0,1189.0,2.0,1.0,2022-02-05 15:00,2604.0,2604,8591067,2604.0,2604.0,49.719448,-5.5829569999999995
229,6.4,2.0,29.2,264.4,1005.5,3.4,91.8,7.0,100.0,1189.0,2.0,1.0,2022-02-05 15:00,2566.0,2566,8575083,2566.0,2566.0,49.719448,-5.572957
230,6.5,2.9,20.2,260.0,1005.6,3.6,94.4,7.0,100.0,1189.0,2.0,1.0,2022-02-05 15:00,890.0,890,385947,890.0,890.0,49.719448,-5.562956999999999
231,6.6,0.8,51.5,250.0,997.2,0.7,85.3,5.0,73.6,1150.0,2.0,1.0,2022-02-05 15:00,1006.0,1006,424575,1006.0,1006.0,49.719448,-5.552956999999999
232,6.6,1.2,43.9,250.1,1013.0,3.7,91.4,7.0,100.0,1189.0,2.0,1.0,2022-02-05 15:00,986.0,986,417915,986.0,986.0,49.719448,-5.5429569999999995
233,6.7,2.0,33.5,264.8,1004.9,2.1,90.8,9.0,100.0,1183.0,2.0,1.0,2022-02-05 15:00,369.0,369,180486,369.0,369.0,49.719448,-5.532957
234,6.7,2.6,25.6,254.6,1005.5,3.8,93.2,7.0,100.0,1189.0,2.0,1.0,2022-02-05 15:00,2663.0,2663,8756235,2663.0,2663.0,49.719448,-5.522957
235,6.7,3.4,18.7,259.4,1005.6,4.2,94.1,7.0,100.0,1189.0,2.0,1.0,2022-02-05 15:00,826.0,826,364635,826.0,826.0,49.719448,-5.512957
236,6.8,0.3,68.0,246.3,993.8,0.2,86.5,2.0,100.0,1153.0,2.0,1.0,2022-02-05 15:00,2473.0,2473,7263396,2473.0,2473.0,49.719448,-5.502957
237,6.8,2.4,29.9,264.2,1005.5,3.3,91.8,7.0,100.0,1189.0,2.0,1.0,2022-02-05 15:00,,2584,8583075,2584.0,2584.0,49.719448,-5.492957
238,6.9,1.6,44.3,253.8,1003.7,1.2,94.1,9.0,100.0,1183.0,2.0,1.0,2022-02-05 15:00,925.0,925,397602,925.0,925.0,49.719448,-5.482957
239,6.9,1.8,40.0,248.8,1014.8,1.9,92.4,9.0,100.0,1183.0,2.0,1.0,2022-02-05 15:00,2763.0,2763,9297693,2763.0,2763.0,49.719448,-5.472956999999999
240,6.9,2.1,35.6,252.1,1002.1,3.0,89.8,7.0,100.0,1189.0,2.0,1.0,2022-02-05 15:00,884.0,884,383949,884.0,884.0,49.719448,-5.462956999999999
241,6.9,3.1,23.8,254.9,1005.9,3.1,93.7,7.0,100.0,1189.0,2.0,1.0,2022-02-05 15:00,2543.0,2543,7744914,2543.0,2543.0,49.719448,-5.452957
242,7,1.05,37.1,280.0,1000.0,1.1,93.0,10.0,0.0,1000.0,2.0,1.0,2022-02-05 15:00,2595.0,2595,8587071,2595.0,2595.0,49.719448,-5.442957
243,7,1.18,37.1,280.0,1000.0,1.1,93.0,10.0,0.0,1000.0,2.0,1.0,2022-02-05 15:00,871.0,871,379620,871.0,871.0,49.719448,-5.432957
244,7,1.22,37.1,240.0,994.9,1.1,87.0,10.0,50.0,1003.0,2.0,1.0,2022-02-05 15:00,2554.0,2554,8571087,2554.0,2554.0,49.719448,-5.422957
245,7,1.23,37.1,240.0,994.9,0.6,87.0,10.0,50.0,1003.0,2.0,1.0,2022-02-05 15:00,895.0,895,387612,895.0,895.0,49.719448,-5.412957
246,7,1.29,37.1,280.0,1000.0,1.9,93.0,10.0,0.0,1000.0,2.0,1.0,2022-02-05 15:00,948.0,948,405261,948.0,948.0,49.719448,-5.402957
247,7,1.4,38.9,240.0,1005.1,2.4,87.0,10.0,50.0,1183.0,2.0,1.0,2022-02-05 15:00,934.0,934,400599,934.0,934.0,49.719448,-5.392956999999999
248,7,1.53,31.0,260.0,997.0,0.8,81.0,10.0,75.0,1183.0,2.0,1.0,2022-02-05 15:00,2804.0,2804,9618705,2804.0,2804.0,49.719448,-5.382956999999999
249,7,1.53,37.1,280.0,1000.0,1.3,93.0,10.0,0.0,1000.0,2.0,1.0,2022-02-05 15:00,982.0,982,416583,982.0,982.0,49.719448,-5.3729569999999995
250,7,1.61,31.0,260.0,998.0,1.9,87.0,9.0,75.0,1183.0,2.0,1.0,2022-02-05 15:00,2553.0,2553,8570754,2553.0,2553.0,49.719448,-5.362957
251,7,1.63,31.0,260.0,998.0,2.5,87.0,9.0,75.0,1183.0,2.0,1.0,2022-02-05 15:00,985.0,985,417582,985.0,985.0,49.719448,-5.352957
252,7,1.63,31.0,260.0,998.0,2.6,87.0,9.0,75.0,1183.0,2.0,1.0,2022-02-05 15:00,2728.0,2728,9081243,2728.0,2728.0,49.719448,-5.342957
253,7,1.63,37.1,280.0,1000.0,1.0,93.0,10.0,0.0,1000.0,2.0,1.0,2022-02-05 15:00,922.0,922,396603,922.0,922.0,49.719448,-5.3329569999999995
254,7,1.65,38.9,240.0,1005.1,0.4,87.0,10.0,50.0,1183.0,2.0,1.0,2022-02-05 15:00,842.0,842,369963,842.0,842.0,49.719448,-5.322957
255,7,1.8,43.6,252.1,1013.7,2.4,91.3,9.0,100.0,1183.0,2.0,1.0,2022-02-05 15:00,2636.0,2636,8747244,2636.0,2636.0,49.719448,-5.312956999999999
256,7,1.83,31.0,260.0,998.0,1.9,87.0,9.0,75.0,1183.0,2.0,1.0,2022-02-05 15:00,2729.0,2729,9081576,2729.0,2729.0,49.719448,-5.302956999999999
257,7,1.94,31.0,260.0,998.0,2.0,87.0,9.0,75.0,1183.0,2.0,1.0,2022-02-05 15:00,2354.0,2354,4455540,2354.0,2354.0,49.719448,-5.2929569999999995
258,7,1.99,37.1,240.0,994.9,2.2,87.0,10.0,50.0,1003.0,2.0,1.0,2022-02-05 15:00,888.0,888,385281,888.0,888.0,49.719448,-5.282957
259,7,2.01,31.0,260.0,998.0,2.7,87.0,9.0,75.0,1183.0,2.0,1.0,2022-02-05 15:00,1890.0,1890,2586411,1890.0,1890.0,49.719448,-5.272957
260,7,2.01,37.1,240.0,994.9,1.7,87.0,10.0,50.0,1003.0,2.0,1.0,2022-02-05 15:00,2358.0,2358,4460535,2358.0,2358.0,49.719448,-5.262957
261,7,2.03,31.0,260.0,997.0,4.2,81.0,10.0,75.0,1183.0,2.0,1.0,2022-02-05 15:00,3023.0,3023,10047276,3023.0,3023.0,49.719448,-5.252957
262,7,2.06,38.9,240.0,1005.1,2.5,87.0,10.0,50.0,1183.0,2.0,1.0,2022-02-05 15:00,996.0,996,421245,996.0,996.0,49.719448,-5.242957
263,7,2.08,31.0,260.0,997.0,5.9,81.0,10.0,75.0,1183.0,1.0,1.0,2022-02-05 15:00,866.0,866,377955,866.0,866.0,49.719448,-5.232957
264,7,2.08,37.1,240.0,994.9,0.5,87.0,10.0,50.0,1003.0,2.0,1.0,2022-02-05 15:00,2708.0,2708,9074250,2708.0,2708.0,49.719448,-5.222956999999999
265,7,2.13,31.0,260.0,998.0,2.5,87.0,9.0,75.0,1183.0,2.0,1.0,2022-02-05 15:00,2726.0,2726,9080577,2726.0,2726.0,49.719448,-5.212956999999999
266,7,2.15,31.0,260.0,997.0,1.0,81.0,10.0,75.0,1183.0,2.0,1.0,2022-02-05 15:00,936.0,936,401265,936.0,936.0,49.719448,-5.202957
267,7,2.17,31.0,260.0,997.0,2.5,81.0,10.0,75.0,1183.0,2.0,1.0,2022-02-05 15:00,2344.0,2344,4339656,2344.0,2344.0,49.719448,-5.192957
268,7,2.17,37.1,250.0,994.9,1.9,87.0,10.0,0.0,1000.0,2.0,1.0,2022-02-05 15:00,2331.0,2331,4258071,2331.0,2331.0,49.719448,-5.182957
269,7,2.2,31.0,260.0,998.0,2.9,87.0,9.0,75.0,1183.0,1.0,1.0,2022-02-05 15:00,2751.0,2751,9293364,2751.0,2751.0,49.719448,-5.172957
270,7,2.22,38.9,240.0,1005.1,1.7,87.0,10.0,50.0,1183.0,2.0,1.0,2022-02-05 15:00,2328.0,2328,4229100,2328.0,2328.0,49.719448,-5.162957
271,7,2.27,31.0,260.0,997.0,4.9,81.0,10.0,75.0,1183.0,1.0,1.0,2022-02-05 15:00,2724.0,2724,9079911,2724.0,2724.0,49.719448,-5.152957
272,7,2.27,31.0,260.0,998.0,2.4,87.0,9.0,75.0,1183.0,2.0,1.0,2022-02-05 15:00,2600.0,2600,8589402,2600.0,2600.0,49.719448,-5.142956999999999
273,7,2.3,31.0,260.0,997.0,4.8,81.0,10.0,75.0,1183.0,1.0,1.0,2022-02-05 15:00,2572.0,2572,8577414,2572.0,2572.0,49.719448,-5.132956999999999
274,7,2.35,31.0,260.0,997.0,2.1,81.0,10.0,75.0,1183.0,2.0,1.0,2022-02-05 15:00,2333.0,2333,4263399,2333.0,2333.0,49.719448,-5.1229569999999995
275,7,2.4,34.2,244.7,1012.6,3.9,94.5,7.0,100.0,1189.0,2.0,1.0,2022-02-05 15:00,816.0,816,361305,816.0,816.0,49.719448,-5.112957
276,7,2.42,31.0,260.0,997.0,1.7,81.0,10.0,75.0,1183.0,2.0,1.0,2022-02-05 15:00,2337.0,2337,4311018,2337.0,2337.0,49.719448,-5.102957
277,7,2.48,31.0,260.0,998.0,1.7,87.0,9.0,75.0,1183.0,2.0,1.0,2022-02-05 15:00,2334.0,2334,4282047,2334.0,2334.0,49.719448,-5.092957
278,7,2.56,37.1,250.0,994.9,1.2,87.0,10.0,0.0,1000.0,2.0,1.0,2022-02-05 15:00,2710.0,2710,9074916,2710.0,2710.0,49.719448,-5.0829569999999995
279,7,2.59,31.0,260.0,997.0,1.8,81.0,10.0,75.0,1183.0,2.0,1.0,2022-02-05 15:00,2326.0,2326,4219110,2326.0,2326.0,49.719448,-5.072957
280,7,2.67,31.0,260.0,998.0,2.4,87.0,9.0,75.0,1183.0,2.0,1.0,2022-02-05 15:00,2725.0,2725,9080244,2725.0,2725.0,49.719448,-5.062956999999999
281,7,2.67,31.0,260.0,998.0,3.3,87.0,9.0,75.0,1183.0,1.0,1.0,2022-02-05 15:00,2718.0,2718,9077580,2718.0,2718.0,49.719448,-5.052956999999999
282,7,2.73,31.0,260.0,997.0,1.2,81.0,10.0,75.0,1183.0,2.0,1.0,2022-02-05 15:00,885.0,885,384282,885.0,885.0,49.719448,-5.0429569999999995
283,7,2.76,37.1,240.0,994.9,2.8,87.0,10.0,50.0,1003.0,1.0,1.0,2022-02-05 15:00,2672.0,2672,8761563,2672.0,2672.0,49.719448,-5.032957
284,7,2.82,31.0,260.0,998.0,3.7,87.0,9.0,75.0,1183.0,1.0,1.0,2022-02-05 15:00,2606.0,2606,8592066,2606.0,2606.0,49.719448,-5.022957
285,7,3.1,31.0,260.0,998.0,5.1,87.0,9.0,75.0,1183.0,1.0,1.0,2022-02-05 15:00,2717.0,2717,9077247,2717.0,2717.0,49.719448,-5.012957
286,7,3.1,37.1,250.0,994.9,3.2,87.0,10.0,0.0,1000.0,2.0,1.0,2022-02-05 15:00,2752.0,2752,9293697,2752.0,2752.0,49.719448,-5.002957
287,7,3.17,37.1,250.0,994.9,2.3,87.0,10.0,0.0,1000.0,1.0,1.0,2022-02-05 15:00,2727.0,2727,9080910,2727.0,2727.0,49.719448,-4.992957
288,7,3.27,31.0,260.0,997.0,2.3,81.0,10.0,75.0,1183.0,2.0,1.0,2022-02-05 15:00,974.0,974,413919,974.0,974.0,49.719448,-4.982957
289,7,3.31,37.1,250.0,994.9,3.9,87.0,10.0,0.0,1000.0,1.0,1.0,2022-02-05 15:00,875.0,875,380952,875.0,875.0,49.719448,-4.972956999999999
290,7,3.38,37.1,240.0,994.9,3.5,87.0,10.0,50.0,1003.0,1.0,1.0,2022-02-05 15:00,978.0,978,415251,978.0,978.0,49.719448,-4.962956999999999
291,7,4.0,37.1,240.0,994.9,5.2,87.0,10.0,50.0,1003.0,1.0,1.0,2022-02-05 15:00,975.0,975,414252,975.0,975.0,49.719448,-4.952957
292,7.1,2.2,38.9,249.6,1002.7,2.5,89.9,9.0,100.0,1183.0,2.0,1.0,2022-02-05 15:00,2722.0,2722,9079245,2722.0,2722.0,49.719448,-4.942957
293,7.2,2.3,38.5,240.1,1012.2,2.0,92.2,9.0,100.0,1183.0,2.0,1.0,2022-02-05 15:00,882.0,882,383283,882.0,882.0,49.719448,-4.932957
294,7.2,2.7,32.4,242.4,1011.9,3.3,94.7,7.0,100.0,1189.0,2.0,1.0,2022-02-05 15:00,2681.0,2681,8766891,2681.0,2681.0,49.719448,-4.922957
295,7.2,3.6,22.7,250.4,1006.5,1.6,94.1,9.0,100.0,1183.0,2.0,1.0,2022-02-05 15:00,2664.0,2664,8756568,2664.0,2664.0,49.719448,-4.912957
296,7.4,1.4,60.8,237.5,1009.1,0.0,80.0,10.0,100.0,1009.0,2.0,1.0,2022-02-05 15:00,2474.0,2474,7263729,2474.0,2474.0,49.719448,-4.902957
297,7.5,2.1,48.6,256.4,1004.9,1.1,91.3,9.0,100.0,1183.0,2.0,1.0,2022-02-05 15:00,2755.0,2755,9295029,2755.0,2755.0,49.719448,-4.892956999999999
298,7.7,2.1,54.7,261.4,1003.8,1.5,87.1,9.0,100.0,1183.0,2.0,1.0,2022-02-05 15:00,2616.0,2616,8596062,2616.0,2616.0,49.719448,-4.882956999999999
299,7.7,2.3,50.4,263.2,1002.9,1.8,84.0,9.0,100.0,1183.0,2.0,1.0,2022-02-05 15:00,2567.0,2567,8575416,2567.0,2567.0,49.719448,-4.8729569999999995
300,7.7,2.4,48.6,259.6,1003.2,1.7,86.7,9.0,100.0,1183.0,2.0,1.0,2022-02-05 15:00,897.0,897,388278,897.0,897.0,49.719448,-4.862957
301,7.8,2.3,54.7,255.2,1003.4,1.6,87.2,9.0,100.0,1183.0,2.0,1.0,2022-02-05 15:00,928.0,928,398601,928.0,928.0,49.719448,-4.852957
302,7.8,2.6,48.6,260.1,1003.1,1.8,86.4,9.0,100.0,1183.0,2.0,1.0,2022-02-05 15:00,2716.0,2716,9076914,2716.0,2716.0,49.719448,-4.842957
303,7.9,2.8,47.5,249.8,1005.0,1.2,92.6,9.0,100.0,1183.0,2.0,1.0,2022-02-05 15:00,2573.0,2573,8578080,2573.0,2573.0,49.719448,-4.8329569999999995
304,8,2.62,47.9,230.0,1004.1,0.4,87.0,10.0,75.0,1183.0,2.0,1.0,2022-02-05 15:00,2648.0,2648,8751240,2648.0,2648.0,49.719448,-4.822957
305,8,2.64,47.9,230.0,1004.1,0.4,87.0,10.0,75.0,1183.0,2.0,1.0,2022-02-05 15:00,2761.0,2761,9297027,2761.0,2761.0,49.719448,-4.812956999999999
306,8,2.64,47.9,230.0,1004.1,0.5,87.0,10.0,75.0,1183.0,2.0,1.0,2022-02-05 15:00,2346.0,2346,4345317,2346.0,2346.0,49.719448,-4.802956999999999
307,8,2.67,22.0,260.0,991.9,1.6,66.0,10.0,75.0,1003.0,2.0,1.0,2022-02-05 15:00,2701.0,2701,9071919,2701.0,2701.0,49.719448,-4.7929569999999995
308,8,2.74,47.9,230.0,1004.1,0.3,87.0,10.0,75.0,1183.0,2.0,1.0,2022-02-05 15:00,1031.0,1031,432900,1031.0,1031.0,49.719448,-4.782957
309,8,2.76,22.0,260.0,991.9,1.1,66.0,10.0,75.0,1003.0,2.0,1.0,2022-02-05 15:00,2702.0,2702,9072252,2702.0,2702.0,49.719448,-4.772957
310,8,2.8,47.9,230.0,1004.1,1.2,87.0,10.0,75.0,1183.0,2.0,1.0,2022-02-05 15:00,1018.0,1018,428571,1018.0,1018.0,49.719448,-4.762957
311,8,2.83,25.9,220.0,1010.2,0.4,87.0,7.0,100.0,1183.0,2.0,1.0,2022-02-05 15:00,2397.0,2397,4844484,2397.0,2397.0,49.719448,-4.752957
312,8,2.96,25.9,220.0,1010.2,0.4,87.0,7.0,100.0,1183.0,2.0,1.0,2022-02-05 15:00,984.0,984,417249,984.0,984.0,49.719448,-4.742957
313,8,2.96,47.9,230.0,1004.1,2.8,87.0,10.0,75.0,1183.0,2.0,1.0,2022-02-05 15:00,2605.0,2605,8591733,2605.0,2605.0,49.719448,-4.732957
314,8,2.98,41.0,250.0,1002.0,2.4,81.0,10.0,75.0,1003.0,2.0,1.0,2022-02-05 15:00,2594.0,2594,8586738,2594.0,2594.0,49.719448,-4.722956999999999
315,8,3.04,25.9,220.0,1010.2,0.1,87.0,7.0,100.0,1183.0,2.0,1.0,2022-02-05 15:00,2340.0,2340,4324005,2340.0,2340.0,49.719448,-4.712956999999999
316,8,3.04,37.1,260.0,1000.0,2.4,87.0,10.0,75.0,1183.0,2.0,1.0,2022-02-05 15:00,2582.0,2582,8582409,2582.0,2582.0,49.719448,-4.702957
317,8,3.04,41.0,250.0,1002.0,2.1,81.0,10.0,75.0,1003.0,2.0,1.0,2022-02-05 15:00,2536.0,2536,7293033,2536.0,2536.0,49.719448,-4.692957
318,8,3.06,25.9,220.0,1010.2,1.3,87.0,7.0,100.0,1183.0,2.0,1.0,2022-02-05 15:00,2310.0,2310,4166829,2310.0,2310.0,49.719448,-4.682957
319,8,3.12,22.0,260.0,991.9,0.5,66.0,10.0,75.0,1003.0,2.0,1.0,2022-02-05 15:00,977.0,977,414918,977.0,977.0,49.719448,-4.672957
320,8,3.18,25.9,220.0,1010.2,2.3,87.0,7.0,100.0,1183.0,2.0,1.0,2022-02-05 15:00,839.0,839,368964,839.0,839.0,49.719448,-4.662957
321,8,3.18,41.0,250.0,1002.0,2.6,81.0,10.0,75.0,1003.0,2.0,1.0,2022-02-05 15:00,831.0,831,366300,831.0,831.0,49.719448,-4.652957
322,8,3.2,25.9,220.0,1010.2,0.2,87.0,7.0,100.0,1183.0,2.0,1.0,2022-02-05 15:00,828.0,828,365301,828.0,828.0,49.719448,-4.642956999999999
323,8,3.2,42.5,244.2,1014.1,2.1,90.1,9.0,100.0,1183.0,2.0,1.0,2022-02-05 15:00,2762.0,2762,9297360,2762.0,2762.0,49.719448,-4.632956999999999
324,8,3.22,25.9,220.0,1010.2,2.1,87.0,7.0,100.0,1183.0,2.0,1.0,2022-02-05 15:00,2677.0,2677,8765226,2677.0,2677.0,49.719448,-4.6229569999999995
325,8,3.3,37.1,260.0,1000.0,1.2,87.0,10.0,75.0,1183.0,2.0,1.0,2022-02-05 15:00,2570.0,2570,8576748,2570.0,2570.0,49.719448,-4.612957
326,8,3.34,25.9,220.0,1010.2,0.5,87.0,7.0,100.0,1183.0,2.0,1.0,2022-02-05 15:00,2233.0,2233,3450546,2233.0,2233.0,49.719448,-4.602957
327,8,3.34,25.9,220.0,1010.2,2.0,87.0,7.0,100.0,1183.0,2.0,1.0,2022-02-05 15:00,2228.0,2228,3448881,2228.0,2228.0,49.719448,-4.592957
328,8,3.41,22.0,260.0,991.9,1.8,66.0,10.0,75.0,1003.0,1.0,1.0,2022-02-05 15:00,2704.0,2704,9072918,2704.0,2704.0,49.719448,-4.5829569999999995
329,8,3.41,25.9,220.0,1010.2,1.7,87.0,7.0,100.0,1183.0,2.0,1.0,2022-02-05 15:00,2639.0,2639,8748243,2639.0,2639.0,49.719448,-4.572957
330,8,3.46,25.9,220.0,1010.2,0.4,87.0,7.0,100.0,1183.0,2.0,1.0,2022-02-05 15:00,2641.0,2641,8748909,2641.0,2641.0,49.719448,-4.562956999999999
331,8,3.48,25.9,220.0,1010.2,0.2,87.0,7.0,100.0,1183.0,2.0,1.0,2022-02-05 15:00,2578.0,2578,8580744,2578.0,2578.0,49.719448,-4.552956999999999
332,8,3.48,25.9,220.0,1010.2,2.2,87.0,7.0,100.0,1183.0,2.0,1.0,2022-02-05 15:00,10299.0,10299,12935052,10299.0,10299.0,49.719448,-4.5429569999999995
333,8,3.52,41.0,250.0,1002.0,2.9,81.0,10.0,75.0,1003.0,2.0,1.0,2022-02-05 15:00,835.0,835,367632,835.0,835.0,49.719448,-4.532957
334,8,3.52,47.9,230.0,1004.1,0.9,87.0,10.0,75.0,1183.0,2.0,1.0,2022-02-05 15:00,2317.0,2317,4183146,2317.0,2317.0,49.719448,-4.522957
335,8,3.52,47.9,230.0,1004.1,2.1,87.0,10.0,75.0,1183.0,2.0,1.0,2022-02-05 15:00,2413.0,2413,4970025,2413.0,2413.0,49.719448,-4.512957
336,8,3.55,22.0,260.0,991.9,0.4,66.0,10.0,75.0,1003.0,2.0,1.0,2022-02-05 15:00,2750.0,2750,9293031,2750.0,2750.0,49.719448,-4.502957
337,8,3.55,22.0,260.0,991.9,0.6,66.0,10.0,75.0,1003.0,2.0,1.0,2022-02-05 15:00,2707.0,2707,9073917,2707.0,2707.0,49.719448,-4.492957
338,8,3.57,47.9,230.0,1004.1,1.7,87.0,10.0,75.0,1183.0,2.0,1.0,2022-02-05 15:00,2408.0,2408,4962033,2408.0,2408.0,49.719448,-4.482957
339,8,3.62,22.0,260.0,991.9,0.9,66.0,10.0,75.0,1003.0,2.0,1.0,2022-02-05 15:00,2705.0,2705,9073251,2705.0,2705.0,49.719448,-4.472956999999999
340,8,3.64,41.0,250.0,1002.0,3.5,81.0,10.0,75.0,1003.0,2.0,1.0,2022-02-05 15:00,2364.0,2364,4531464,2364.0,2364.0,49.719448,-4.462956999999999
341,8,3.67,37.1,260.0,1000.0,1.6,87.0,10.0,75.0,1183.0,2.0,1.0,2022-02-05 15:00,2382.0,2382,4685976,2382.0,2382.0,49.719448,-4.452957
342,8,3.69,22.0,260.0,991.9,0.9,66.0,10.0,75.0,1003.0,2.0,1.0,2022-02-05 15:00,2709.0,2709,9074583,2709.0,2709.0,49.719448,-4.442957
343,8,3.71,37.1,260.0,1000.0,1.6,87.0,10.0,75.0,1183.0,2.0,1.0,2022-02-05 15:00,899.0,899,388944,899.0,899.0,49.719448,-4.432957
344,8,3.71,42.8,250.0,1006.1,2.6,87.0,9.0,75.0,1183.0,2.0,1.0,2022-02-05 15:00,,2658,8754570,2658.0,2658.0,49.719448,-4.422957
345,8,3.74,37.1,260.0,1000.0,2.1,87.0,10.0,75.0,1183.0,2.0,1.0,2022-02-05 15:00,2321.0,2321,4212783,2321.0,2321.0,49.719448,-4.412957
346,8,3.74,41.0,250.0,1002.0,2.0,81.0,10.0,75.0,1003.0,2.0,1.0,2022-02-05 15:00,960.0,960,409257,960.0,960.0,49.719448,-4.402957
347,8,3.89,22.0,260.0,991.9,0.3,66.0,10.0,75.0,1003.0,2.0,1.0,2022-02-05 15:00,2706.0,2706,9073584,2706.0,2706.0,49.719448,-4.392956999999999
348,8,3.92,22.0,260.0,991.9,1.0,66.0,10.0,75.0,1003.0,1.0,1.0,2022-02-05 15:00,815.0,815,360972,815.0,815.0,49.719448,-4.382956999999999
349,8,3.97,22.0,260.0,991.9,1.4,66.0,10.0,75.0,1003.0,1.0,1.0,2022-02-05 15:00,2786.0,2786,9569088,2786.0,2786.0,49.719448,-4.3729569999999995
350,8,3.97,37.1,260.0,1000.0,1.5,87.0,10.0,75.0,1183.0,1.0,1.0,2022-02-05 15:00,905.0,905,390942,905.0,905.0,49.719448,-4.362957
351,8,4.1,27.7,253.3,1007.3,2.8,93.2,7.0,100.0,1189.0,2.0,1.0,2022-02-05 15:00,2660.0,2660,8755236,2660.0,2660.0,49.719448,-4.352957
352,8,4.32,22.0,260.0,991.9,0.9,66.0,10.0,75.0,1003.0,1.0,1.0,2022-02-05 15:00,919.0,919,395604,919.0,919.0,49.719448,-4.342957
353,8,4.39,22.0,260.0,991.9,1.6,66.0,10.0,75.0,1003.0,1.0,1.0,2022-02-05 15:00,820.0,820,362637,820.0,820.0,49.719448,-4.3329569999999995
354,8,4.42,22.0,260.0,991.9,2.1,66.0,10.0,75.0,1003.0,1.0,1.0,2022-02-05 15:00,2711.0,2711,9075249,2711.0,2711.0,49.719448,-4.322957
355,8,4.58,42.8,250.0,1006.1,1.5,87.0,9.0,75.0,1183.0,2.0,1.0,2022-02-05 15:00,2665.0,2665,8756901,2665.0,2665.0,49.719448,-4.312956999999999
356,8,4.84,19.1,230.0,1023.0,0.0,71.0,10.0,100.0,1009.0,3.0,1.0,2022-02-05 15:00,,1805,2164167,,1805.0,49.719448,-4.302956999999999
357,8.2,3.7,37.4,250.7,1013.7,0.5,85.1,2.0,100.0,1153.0,2.0,1.0,2022-02-05 15:00,2764.0,2764,9298026,2764.0,2764.0,49.719448,-4.2929569999999995
358,8.2,3.9,35.3,248.6,1008.0,2.4,92.9,9.0,100.0,1183.0,2.0,1.0,2022-02-05 15:00,2544.0,2544,7745247,2544.0,2544.0,49.719448,-4.282957
359,8.3,4.0,35.3,245.6,1010.1,1.0,91.1,9.0,100.0,1183.0,2.0,1.0,2022-02-05 15:00,2657.0,2657,8754237,2657.0,2657.0,49.719448,-4.272957
360,8.5,4.1,37.1,247.1,1012.6,0.9,89.2,9.0,100.0,1183.0,2.0,1.0,2022-02-05 15:00,2654.0,2654,8753238,2654.0,2654.0,49.719448,-4.262957
361,8.6,4.5,33.8,246.8,1009.0,1.6,91.6,9.0,100.0,1183.0,2.0,1.0,2022-02-05 15:00,2659.0,2659,8754903,2659.0,2659.0,49.719448,-4.252957
362,8.7,3.8,48.2,241.9,1013.9,1.5,87.0,9.0,100.0,1183.0,2.0,1.0,2022-02-05 15:00,818.0,818,361971,818.0,818.0,49.719448,-4.242957
363,8.7,4.5,36.4,247.6,1011.9,0.4,88.1,2.0,100.0,1153.0,2.0,1.0,2022-02-05 15:00,2294.0,2294,4002327,2294.0,2294.0,49.719448,-4.232957
364,8.8,4.5,37.1,245.6,1011.3,0.3,88.3,2.0,100.0,1153.0,2.0,1.0,2022-02-05 15:00,2655.0,2655,8753571,2655.0,2655.0,49.719448,-4.222956999999999
365,8.8,4.5,37.4,248.0,1010.1,1.9,90.8,9.0,100.0,1183.0,2.0,1.0,2022-02-05 15:00,2542.0,2542,7744581,2542.0,2542.0,49.719448,-4.212956999999999
366,9,3.79,46.1,250.0,1005.1,1.0,87.0,7.0,100.0,1183.0,2.0,1.0,2022-02-05 15:00,923.0,923,396936,923.0,923.0,49.719448,-4.202957
367,9,3.82,46.1,250.0,1000.0,0.5,81.0,10.0,75.0,1183.0,2.0,1.0,2022-02-05 15:00,2642.0,2642,8749242,2642.0,2642.0,49.719448,-4.192957
368,9,3.99,43.9,240.0,1009.1,0.7,81.0,9.0,100.0,1183.0,2.0,1.0,2022-02-05 15:00,843.0,843,370296,843.0,843.0,49.719448,-4.182957
369,9,4.07,41.0,230.0,1006.1,0.2,76.0,10.0,25.0,1003.0,2.0,1.0,2022-02-05 15:00,991.0,991,419580,991.0,991.0,49.719448,-4.172957
370,9,4.07,46.1,240.0,1008.1,0.2,81.0,10.0,75.0,1183.0,2.0,1.0,2022-02-05 15:00,854.0,854,373959,854.0,854.0,49.719448,-4.162957
371,9,4.07,46.1,250.0,1000.0,3.2,81.0,10.0,75.0,1183.0,2.0,1.0,2022-02-05 15:00,2807.0,2807,9950706,2807.0,2807.0,49.719448,-4.152957
372,9,4.09,38.9,260.0,1001.0,0.8,87.0,9.0,75.0,1183.0,2.0,1.0,2022-02-05 15:00,372.0,372,181485,372.0,372.0,49.719448,-4.142956999999999
373,9,4.11,46.1,250.0,1000.0,0.5,81.0,10.0,75.0,1183.0,2.0,1.0,2022-02-05 15:00,953.0,953,406926,953.0,953.0,49.719448,-4.132956999999999
374,9,4.12,50.0,250.0,1007.1,1.3,87.0,6.0,75.0,1183.0,2.0,1.0,2022-02-05 15:00,2300.0,2300,4108554,2300.0,2300.0,49.719448,-4.1229569999999995
375,9,4.14,46.1,250.0,1000.0,0.8,81.0,10.0,75.0,1183.0,2.0,1.0,2022-02-05 15:00,1011.0,1011,426240,1011.0,1011.0,49.719448,-4.112957
376,9,4.14,46.1,250.0,1000.0,2.1,81.0,10.0,75.0,1183.0,2.0,1.0,2022-02-05 15:00,2327.0,2327,4225770,2327.0,2327.0,49.719448,-4.102957
377,9,4.16,43.9,240.0,1003.0,3.7,76.0,10.0,50.0,1183.0,2.0,1.0,2022-02-05 15:00,865.0,865,377622,865.0,865.0,49.719448,-4.092957
378,9,4.17,37.1,220.0,1012.9,0.0,76.0,10.0,50.0,1003.0,2.0,1.0,2022-02-05 15:00,2615.0,2615,8595729,2615.0,2615.0,49.719448,-4.0829569999999995
379,9,4.17,41.0,260.0,998.0,0.7,71.0,10.0,25.0,1003.0,2.0,1.0,2022-02-05 15:00,1015.0,1015,427572,1015.0,1015.0,49.719448,-4.072957
380,9,4.19,41.0,230.0,1006.1,0.2,76.0,10.0,25.0,1003.0,2.0,1.0,2022-02-05 15:00,2576.0,2576,8580078,2576.0,2576.0,49.719448,-4.062956999999999
381,9,4.21,31.0,230.0,1019.0,0.0,71.0,10.0,75.0,1003.0,3.0,1.0,2022-02-05 15:00,,291,151515,291.0,291.0,49.719448,-4.052956999999999
382,9,4.23,43.9,240.0,1003.0,1.6,76.0,10.0,50.0,1183.0,2.0,1.0,2022-02-05 15:00,2760.0,2760,9296694,2760.0,2760.0,49.719448,-4.0429569999999995
383,9,4.24,22.0,230.0,1016.9,0.0,66.0,10.0,75.0,1003.0,2.0,1.0,2022-02-05 15:00,2593.0,2593,8586405,2593.0,2593.0,49.719448,-4.032957
384,9,4.24,37.1,220.0,1012.9,0.0,76.0,10.0,50.0,1003.0,2.0,1.0,2022-02-05 15:00,2568.0,2568,8576082,2568.0,2568.0,49.719448,-4.022957
385,9,4.24,37.1,220.0,1012.9,0.0,76.0,10.0,50.0,1003.0,2.0,1.0,2022-02-05 15:00,1000.0,1000,422577,1000.0,1000.0,49.719448,-4.012957
386,9,4.24,41.0,260.0,998.0,0.5,71.0,10.0,25.0,1003.0,2.0,1.0,2022-02-05 15:00,2306.0,2306,4152510,2306.0,2306.0,49.719448,-4.002957
387,9,4.24,43.9,240.0,1003.0,0.5,76.0,10.0,50.0,1183.0,2.0,1.0,2022-02-05 15:00,1021.0,1021,429570,1021.0,1021.0,49.719448,-3.9929569999999996
388,9,4.24,46.1,250.0,1000.0,2.7,81.0,10.0,75.0,1183.0,1.0,1.0,2022-02-05 15:00,951.0,951,406260,951.0,951.0,49.719448,-3.982957
389,9,4.26,41.0,260.0,998.0,2.5,71.0,10.0,25.0,1003.0,2.0,1.0,2022-02-05 15:00,2629.0,2629,8744913,2629.0,2629.0,49.719448,-3.9729569999999996
390,9,4.26,50.0,250.0,1007.1,1.6,87.0,6.0,75.0,1183.0,2.0,1.0,2022-02-05 15:00,2376.0,2376,4603392,2376.0,2376.0,49.719448,-3.962957
391,9,4.28,34.9,250.0,1010.2,0.3,81.0,10.0,75.0,1183.0,2.0,1.0,2022-02-05 15:00,2628.0,2628,8744580,2628.0,2628.0,49.719448,-3.9529569999999996
392,9,4.28,41.0,260.0,998.0,2.5,71.0,10.0,25.0,1003.0,2.0,1.0,2022-02-05 15:00,2634.0,2634,8746578,2634.0,2634.0,49.719448,-3.942957
393,9,4.28,43.9,240.0,1003.0,3.5,76.0,10.0,50.0,1183.0,2.0,1.0,2022-02-05 15:00,2679.0,2679,8766225,2679.0,2679.0,49.719448,-3.9329569999999996
394,9,4.3,41.0,230.0,1006.1,0.3,76.0,10.0,25.0,1003.0,2.0,1.0,2022-02-05 15:00,927.0,927,398268,927.0,927.0,49.719448,-3.922957
395,9,4.3,43.9,240.0,1003.0,0.6,76.0,10.0,50.0,1183.0,2.0,1.0,2022-02-05 15:00,1003.0,1003,423576,1003.0,1003.0,49.719448,-3.9129569999999996
396,9,4.3,47.9,240.0,1004.1,1.9,76.0,10.0,75.0,1003.0,2.0,1.0,2022-02-05 15:00,2229.0,2229,3449214,2229.0,2229.0,49.719448,-3.902957
397,9,4.31,38.9,240.0,1016.9,0.2,81.0,10.0,75.0,1003.0,2.0,1.0,2022-02-05 15:00,863.0,863,376956,863.0,863.0,49.719448,-3.8929569999999996
398,9,4.31,50.0,250.0,1007.1,0.3,87.0,6.0,75.0,1183.0,2.0,1.0,2022-02-05 15:00,2599.0,2599,8589069,2599.0,2599.0,49.719448,-3.8829569999999998
399,9,4.33,22.0,230.0,1016.9,0.0,66.0,10.0,75.0,1003.0,2.0,1.0,2022-02-05 15:00,999.0,999,422244,999.0,999.0,49.719448,-3.8729569999999995
400,9,4.33,22.0,230.0,1016.9,0.0,66.0,10.0,75.0,1003.0,2.0,1.0,2022-02-05 15:00,855.0,855,374292,855.0,855.0,49.719448,-3.8629569999999998
401,9,4.33,33.1,240.0,1025.1,0.0,81.0,10.0,50.0,1003.0,4.0,1.0,2022-02-05 15:00,821.0,821,362970,821.0,821.0,49.719448,-3.852957
402,9,4.37,33.1,240.0,1010.2,0.0,71.0,10.0,75.0,1003.0,2.0,1.0,2022-02-05 15:00,906.0,906,391275,906.0,906.0,49.719448,-3.8429569999999993
403,9,4.37,41.0,240.0,1020.0,0.0,81.0,10.0,50.0,1003.0,2.0,1.0,2022-02-05 15:00,883.0,883,383616,883.0,883.0,49.719448,-3.8329569999999995
404,9,4.37,41.0,240.0,1020.0,0.0,81.0,10.0,50.0,1003.0,2.0,1.0,2022-02-05 15:00,2585.0,2585,8583408,2585.0,2585.0,49.719448,-3.8229569999999997
405,9,4.37,43.9,240.0,1008.1,0.4,87.0,10.0,75.0,1183.0,2.0,1.0,2022-02-05 15:00,2330.0,2330,4257405,2330.0,2330.0,49.719448,-3.812957
406,9,4.37,46.1,250.0,1000.0,0.6,81.0,10.0,75.0,1183.0,2.0,1.0,2022-02-05 15:00,848.0,848,371961,848.0,848.0,49.719448,-3.8029569999999993
407,9,4.37,46.1,250.0,1005.1,1.6,87.0,7.0,100.0,1183.0,2.0,1.0,2022-02-05 15:00,980.0,980,415917,980.0,980.0,49.719448,-3.7929569999999995
408,9,4.39,33.1,240.0,1025.1,0.0,81.0,10.0,50.0,1003.0,4.0,1.0,2022-02-05 15:00,293.0,293,152181,293.0,293.0,49.719448,-3.7829569999999997
409,9,4.39,46.1,240.0,1008.1,0.1,81.0,10.0,75.0,1183.0,2.0,1.0,2022-02-05 15:00,2680.0,2680,8766558,2680.0,2680.0,49.719448,-3.772957
410,9,4.39,47.9,240.0,1004.1,1.8,76.0,10.0,75.0,1003.0,2.0,1.0,2022-02-05 15:00,2226.0,2226,3448215,2226.0,2226.0,49.719448,-3.762957
411,9,4.41,31.0,240.0,1023.0,0.0,87.0,10.0,75.0,1009.0,4.0,1.0,2022-02-05 15:00,907.0,907,391608,907.0,907.0,49.719448,-3.7529569999999994
412,9,4.41,34.9,250.0,1010.2,2.7,81.0,10.0,75.0,1183.0,2.0,1.0,2022-02-05 15:00,2541.0,2541,7294698,2541.0,2541.0,49.719448,-3.7429569999999996
413,9,4.41,41.0,230.0,1006.1,0.0,76.0,10.0,25.0,1003.0,2.0,1.0,2022-02-05 15:00,2556.0,2556,8571753,2556.0,2556.0,49.719448,-3.732957
414,9,4.42,38.9,260.0,1001.0,1.4,87.0,9.0,75.0,1183.0,2.0,1.0,2022-02-05 15:00,2530.0,2530,7291035,2530.0,2530.0,49.719448,-3.722957
415,9,4.42,41.0,240.0,1020.0,0.0,81.0,10.0,50.0,1003.0,2.0,1.0,2022-02-05 15:00,2230.0,2230,3449547,2230.0,2230.0,49.719448,-3.7129569999999994
416,9,4.42,41.0,240.0,1020.0,0.0,81.0,10.0,50.0,1003.0,2.0,1.0,2022-02-05 15:00,2227.0,2227,3448548,2227.0,2227.0,49.719448,-3.7029569999999996
417,9,4.42,42.8,240.0,1010.2,0.0,76.0,10.0,100.0,1009.0,2.0,1.0,2022-02-05 15:00,944.0,944,403929,944.0,944.0,49.719448,-3.692957
418,9,4.44,31.0,240.0,1013.9,0.0,71.0,10.0,75.0,1003.0,2.0,1.0,2022-02-05 15:00,2602.0,2602,8590401,2602.0,2602.0,49.719448,-3.682957
419,9,4.44,37.1,230.0,1017.9,0.0,71.0,10.0,75.0,1003.0,2.0,1.0,2022-02-05 15:00,2365.0,2365,4532130,2365.0,2365.0,49.719448,-3.6729569999999994
420,9,4.44,38.9,240.0,1016.9,0.3,81.0,10.0,75.0,1003.0,2.0,1.0,2022-02-05 15:00,2769.0,2769,9299691,2769.0,2769.0,49.719448,-3.6629569999999996
421,9,4.44,41.0,240.0,1020.0,0.0,81.0,10.0,50.0,1003.0,2.0,1.0,2022-02-05 15:00,2232.0,2232,3450213,2232.0,2232.0,49.719448,-3.652957
422,9,4.44,43.9,240.0,1003.0,1.3,76.0,10.0,50.0,1183.0,2.0,1.0,2022-02-05 15:00,898.0,898,388611,898.0,898.0,49.719448,-3.642957
423,9,4.44,43.9,240.0,1008.1,0.7,87.0,10.0,75.0,1183.0,2.0,1.0,2022-02-05 15:00,370.0,370,180819,370.0,370.0,49.719448,-3.6329569999999993
424,9,4.46,34.9,240.0,1007.1,0.3,87.0,6.0,75.0,1183.0,2.0,1.0,2022-02-05 15:00,2221.0,2221,3379950,2221.0,2221.0,49.719448,-3.6229569999999995
425,9,4.48,43.9,240.0,1003.0,1.1,76.0,10.0,50.0,1183.0,2.0,1.0,2022-02-05 15:00,958.0,958,408591,958.0,958.0,49.719448,-3.6129569999999998
426,9,4.5,31.0,220.0,1011.9,0.0,71.0,10.0,50.0,1003.0,2.0,1.0,2022-02-05 15:00,,909,392274,909.0,909.0,49.719448,-3.602957
427,9,4.5,38.9,230.0,1009.1,0.3,76.0,10.0,25.0,1003.0,2.0,1.0,2022-02-05 15:00,1036.0,1036,434565,1036.0,1036.0,49.719448,-3.5929569999999993
428,9,4.5,41.0,240.0,1020.0,0.0,81.0,10.0,50.0,1003.0,2.0,1.0,2022-02-05 15:00,946.0,946,404595,946.0,946.0,49.719448,-3.5829569999999995
429,9,4.52,33.1,240.0,1010.2,0.0,71.0,10.0,75.0,1003.0,2.0,1.0,2022-02-05 15:00,967.0,967,411588,967.0,967.0,49.719448,-3.5729569999999997
430,9,4.52,33.1,240.0,1010.2,0.0,71.0,10.0,75.0,1003.0,2.0,1.0,2022-02-05 15:00,917.0,917,394938,917.0,917.0,49.719448,-3.562957
431,9,4.52,38.9,240.0,1016.9,0.4,81.0,10.0,75.0,1003.0,2.0,1.0,2022-02-05 15:00,2624.0,2624,8743248,2624.0,2624.0,49.719448,-3.5529569999999993
432,9,4.52,38.9,240.0,1016.9,0.4,81.0,10.0,75.0,1003.0,2.0,1.0,2022-02-05 15:00,2349.0,2349,4379283,2349.0,2349.0,49.719448,-3.5429569999999995
433,9,4.52,38.9,240.0,1016.9,0.5,81.0,10.0,75.0,1003.0,2.0,1.0,2022-02-05 15:00,2645.0,2645,8750241,2645.0,2645.0,49.719448,-3.5329569999999997
434,9,4.52,38.9,240.0,1016.9,0.5,81.0,10.0,75.0,1003.0,2.0,1.0,2022-02-05 15:00,2562.0,2562,8573751,2562.0,2562.0,49.719448,-3.522957
435,9,4.52,43.9,240.0,1009.1,1.5,81.0,9.0,100.0,1183.0,2.0,1.0,2022-02-05 15:00,968.0,968,411921,968.0,968.0,49.719448,-3.512956999999999
436,9,4.54,22.0,230.0,1017.9,0.0,76.0,10.0,75.0,1003.0,2.0,1.0,2022-02-05 15:00,2535.0,2535,7292700,2535.0,2535.0,49.719448,-3.5029569999999994
437,9,4.54,31.0,220.0,1011.9,0.0,71.0,10.0,50.0,1003.0,2.0,1.0,2022-02-05 15:00,,904,390609,904.0,904.0,49.719448,-3.4929569999999996
438,9,4.54,38.9,240.0,1016.9,0.6,81.0,10.0,75.0,1003.0,2.0,1.0,2022-02-05 15:00,2632.0,2632,8745912,2632.0,2632.0,49.719448,-3.482957
439,9,4.54,38.9,240.0,1016.9,0.7,81.0,10.0,75.0,1003.0,2.0,1.0,2022-02-05 15:00,2569.0,2569,8576415,2569.0,2569.0,49.719448,-3.472957
440,9,4.54,41.0,240.0,1020.0,0.0,81.0,10.0,50.0,1003.0,2.0,1.0,2022-02-05 15:00,950.0,950,405927,950.0,950.0,49.719448,-3.4629569999999994
441,9,4.54,41.0,260.0,998.0,0.8,71.0,10.0,25.0,1003.0,2.0,1.0,2022-02-05 15:00,838.0,838,368631,838.0,838.0,49.719448,-3.4529569999999996
442,9,4.54,42.8,240.0,1010.2,0.0,76.0,10.0,100.0,1009.0,2.0,1.0,2022-02-05 15:00,2579.0,2579,8581077,2579.0,2579.0,49.719448,-3.442957
443,9,4.54,46.1,250.0,1000.0,0.7,81.0,10.0,75.0,1183.0,2.0,1.0,2022-02-05 15:00,2620.0,2620,8741916,2620.0,2620.0,49.719448,-3.432957
444,9,4.54,47.9,240.0,1004.1,2.2,76.0,10.0,75.0,1003.0,2.0,1.0,2022-02-05 15:00,851.0,851,372960,851.0,851.0,49.719448,-3.4229569999999994
445,9,4.56,31.0,220.0,1011.9,0.0,71.0,10.0,50.0,1003.0,2.0,1.0,2022-02-05 15:00,2369.0,2369,4537125,2369.0,2369.0,49.719448,-3.4129569999999996
446,9,4.56,31.0,240.0,1013.9,0.0,71.0,10.0,75.0,1003.0,2.0,1.0,2022-02-05 15:00,2683.0,2683,8767557,2683.0,2683.0,49.719448,-3.402957
447,9,4.56,37.1,230.0,1010.2,0.0,76.0,10.0,75.0,1003.0,2.0,1.0,2022-02-05 15:00,1025.0,1025,430902,1025.0,1025.0,49.719448,-3.392957
448,9,4.56,38.9,240.0,1016.9,0.1,81.0,10.0,75.0,1003.0,2.0,1.0,2022-02-05 15:00,2690.0,2690,8769888,2690.0,2690.0,49.719448,-3.3829569999999993
449,9,4.56,41.0,240.0,1020.0,0.0,81.0,10.0,50.0,1003.0,3.0,1.0,2022-02-05 15:00,2308.0,2308,4163166,2308.0,2308.0,49.719448,-3.3729569999999995
450,9,4.56,42.8,240.0,1010.2,0.0,76.0,10.0,100.0,1009.0,2.0,1.0,2022-02-05 15:00,1026.0,1026,431235,1026.0,1026.0,49.719448,-3.3629569999999998
451,9,4.58,31.0,220.0,1011.9,0.0,71.0,10.0,50.0,1003.0,2.0,1.0,2022-02-05 15:00,2550.0,2550,8569755,2550.0,2550.0,49.719448,-3.352957
452,9,4.58,33.1,240.0,1010.2,1.4,71.0,10.0,75.0,1003.0,2.0,1.0,2022-02-05 15:00,965.0,965,410922,965.0,965.0,49.719448,-3.3429569999999993
453,9,4.58,38.9,230.0,1009.1,0.0,76.0,10.0,25.0,1003.0,2.0,1.0,2022-02-05 15:00,916.0,916,394605,916.0,916.0,49.719448,-3.3329569999999995
454,9,4.6,31.0,240.0,1023.0,0.0,87.0,10.0,75.0,1009.0,3.0,1.0,2022-02-05 15:00,,924,397269,,924.0,49.719448,-3.3229569999999997
455,9,4.6,33.1,240.0,1010.2,0.0,71.0,10.0,75.0,1003.0,2.0,1.0,2022-02-05 15:00,2565.0,2565,8574750,2565.0,2565.0,49.719448,-3.312957
456,9,4.6,37.1,230.0,1010.2,0.2,76.0,10.0,75.0,1003.0,2.0,1.0,2022-02-05 15:00,957.0,957,408258,957.0,957.0,49.719448,-3.3029569999999993
457,9,4.6,41.0,240.0,1009.1,0.1,76.0,10.0,50.0,1003.0,2.0,1.0,2022-02-05 15:00,874.0,874,380619,874.0,874.0,49.719448,-3.2929569999999995
458,9,4.62,33.1,240.0,1010.2,0.0,71.0,10.0,75.0,1003.0,2.0,1.0,2022-02-05 15:00,847.0,847,371628,847.0,847.0,49.719448,-3.2829569999999997
459,9,4.62,37.1,240.0,1013.9,0.0,71.0,10.0,75.0,1003.0,2.0,1.0,2022-02-05 15:00,894.0,894,387279,894.0,894.0,49.719448,-3.272957
460,9,4.62,38.9,240.0,1016.9,0.4,81.0,10.0,75.0,1003.0,2.0,1.0,2022-02-05 15:00,2384.0,2384,4716945,2384.0,2384.0,49.719448,-3.262956999999999
461,9,4.62,41.0,240.0,1009.1,1.2,76.0,10.0,50.0,1003.0,2.0,1.0,2022-02-05 15:00,2373.0,2373,4562766,2373.0,2373.0,49.719448,-3.2529569999999994
462,9,4.62,43.9,240.0,1009.1,2.1,81.0,9.0,100.0,1183.0,2.0,1.0,2022-02-05 15:00,878.0,878,381951,878.0,878.0,49.719448,-3.2429569999999996
463,9,4.64,33.1,240.0,1010.2,0.0,71.0,10.0,75.0,1003.0,2.0,1.0,2022-02-05 15:00,2392.0,2392,4795533,2392.0,2392.0,49.719448,-3.232957
464,9,4.64,33.1,240.0,1010.2,1.1,71.0,10.0,75.0,1003.0,2.0,1.0,2022-02-05 15:00,2367.0,2367,4535127,2367.0,2367.0,49.719448,-3.222957
465,9,4.64,38.9,230.0,1009.1,2.4,76.0,10.0,25.0,1003.0,2.0,1.0,2022-02-05 15:00,840.0,840,369297,840.0,840.0,49.719448,-3.2129569999999994
466,9,4.64,38.9,240.0,1016.9,0.3,81.0,10.0,75.0,1003.0,2.0,1.0,2022-02-05 15:00,2644.0,2644,8749908,2644.0,2644.0,49.719448,-3.2029569999999996
467,9,4.64,41.0,240.0,1009.1,2.4,76.0,10.0,50.0,1003.0,2.0,1.0,2022-02-05 15:00,2320.0,2320,4198131,2320.0,2320.0,49.719448,-3.192957
468,9,4.66,28.1,240.0,1014.9,0.0,71.0,10.0,75.0,1003.0,2.0,1.0,2022-02-05 15:00,998.0,998,421911,998.0,998.0,49.719448,-3.182957
469,9,4.66,31.0,240.0,1023.0,0.0,87.0,10.0,75.0,1009.0,4.0,1.0,2022-02-05 15:00,,1008,425241,,1008.0,49.719448,-3.1729569999999994
470,9,4.66,34.9,240.0,1014.9,0.0,71.0,10.0,75.0,1003.0,2.0,1.0,2022-02-05 15:00,2412.0,2412,4968360,2412.0,2412.0,49.719448,-3.1629569999999996
471,9,4.66,34.9,240.0,1014.9,0.1,71.0,10.0,75.0,1003.0,2.0,1.0,2022-02-05 15:00,962.0,962,409923,962.0,962.0,49.719448,-3.152957
472,9,4.66,37.1,220.0,1012.9,0.0,76.0,10.0,50.0,1003.0,2.0,1.0,2022-02-05 15:00,2564.0,2564,8574417,2564.0,2564.0,49.719448,-3.142957
473,9,4.66,46.1,230.0,1011.9,0.1,76.0,10.0,75.0,1003.0,2.0,1.0,2022-02-05 15:00,833.0,833,366966,833.0,833.0,49.719448,-3.1329569999999993
474,9,4.68,34.9,250.0,1010.2,0.3,81.0,10.0,75.0,1183.0,2.0,1.0,2022-02-05 15:00,994.0,994,420579,994.0,994.0,49.719448,-3.1229569999999995
475,9,4.68,42.8,240.0,1013.9,0.0,76.0,10.0,25.0,1003.0,2.0,1.0,2022-02-05 15:00,2351.0,2351,4443219,2351.0,2351.0,49.719448,-3.1129569999999998
476,9,4.7,33.1,240.0,1010.8,0.2,71.0,10.0,75.0,1009.0,2.0,1.0,2022-02-05 15:00,2399.0,2399,4850145,2399.0,2399.0,49.719448,-3.102957
477,9,4.7,34.9,250.0,1010.2,1.0,81.0,10.0,75.0,1183.0,2.0,1.0,2022-02-05 15:00,2371.0,2371,4545450,2371.0,2371.0,49.719448,-3.0929569999999993
478,9,4.7,37.1,230.0,1010.2,0.0,76.0,10.0,75.0,1003.0,2.0,1.0,2022-02-05 15:00,2355.0,2355,4457538,2355.0,2355.0,49.719448,-3.0829569999999995
479,9,4.7,42.8,240.0,1010.2,0.9,76.0,10.0,100.0,1009.0,2.0,1.0,2022-02-05 15:00,2418.0,2418,4976685,2418.0,2418.0,49.719448,-3.0729569999999997
480,9,4.72,22.0,230.0,1016.9,0.0,66.0,10.0,75.0,1003.0,2.0,1.0,2022-02-05 15:00,911.0,911,392940,911.0,911.0,49.719448,-3.062957
481,9,4.72,28.1,240.0,1014.9,0.0,71.0,10.0,75.0,1003.0,2.0,1.0,2022-02-05 15:00,2686.0,2686,8768556,2686.0,2686.0,49.719448,-3.0529569999999993
482,9,4.72,31.0,220.0,1011.9,0.0,71.0,10.0,50.0,1003.0,2.0,1.0,2022-02-05 15:00,2588.0,2588,8584740,2588.0,2588.0,49.719448,-3.0429569999999995
483,9,4.72,33.1,240.0,1010.2,0.8,71.0,10.0,75.0,1003.0,2.0,1.0,2022-02-05 15:00,2315.0,2315,4181148,2315.0,2315.0,49.719448,-3.0329569999999997
484,9,4.72,33.1,240.0,1010.8,0.0,71.0,10.0,75.0,1009.0,2.0,1.0,2022-02-05 15:00,2324.0,2324,4216113,2324.0,2324.0,49.719448,-3.022957
485,9,4.72,41.0,240.0,1011.9,0.9,76.0,10.0,75.0,1183.0,2.0,1.0,2022-02-05 15:00,2630.0,2630,8745246,2630.0,2630.0,49.719448,-3.012956999999999
486,9,4.74,31.0,220.0,1011.9,0.0,71.0,10.0,50.0,1003.0,2.0,1.0,2022-02-05 15:00,2803.0,2803,9618372,2803.0,2803.0,49.719448,-3.0029569999999994
487,9,4.74,33.1,240.0,1010.8,0.7,71.0,10.0,75.0,1009.0,2.0,1.0,2022-02-05 15:00,2561.0,2561,8573418,2561.0,2561.0,49.719448,-2.9929569999999996
488,9,4.74,34.9,240.0,1007.1,1.0,87.0,6.0,75.0,1183.0,2.0,1.0,2022-02-05 15:00,2222.0,2222,3386943,2222.0,2222.0,49.719448,-2.982957
489,9,4.74,34.9,240.0,1007.1,1.3,87.0,6.0,75.0,1183.0,2.0,1.0,2022-02-05 15:00,2661.0,2661,8755569,2661.0,2661.0,49.719448,-2.972957
490,9,4.74,34.9,240.0,1017.9,0.0,76.0,10.0,75.0,1003.0,2.0,1.0,2022-02-05 15:00,932.0,932,399933,932.0,932.0,49.719448,-2.9629569999999994
491,9,4.74,34.9,250.0,1010.2,0.1,81.0,10.0,75.0,1183.0,2.0,1.0,2022-02-05 15:00,2805.0,2805,9950040,2805.0,2805.0,49.719448,-2.9529569999999996
492,9,4.74,34.9,250.0,1010.2,0.2,81.0,10.0,75.0,1183.0,2.0,1.0,2022-02-05 15:00,845.0,845,370962,845.0,845.0,49.719448,-2.942957
493,9,4.74,37.1,230.0,1010.2,0.1,76.0,10.0,75.0,1003.0,2.0,1.0,2022-02-05 15:00,2684.0,2684,8767890,2684.0,2684.0,49.719448,-2.932957
494,9,4.74,38.9,260.0,1001.0,1.2,87.0,9.0,75.0,1183.0,2.0,1.0,2022-02-05 15:00,830.0,830,365967,830.0,830.0,49.719448,-2.9229569999999994
495,9,4.74,41.0,240.0,1009.1,0.1,76.0,10.0,50.0,1003.0,2.0,1.0,2022-02-05 15:00,2534.0,2534,7292367,2534.0,2534.0,49.719448,-2.9129569999999996
496,9,4.74,41.0,240.0,1013.2,0.0,76.0,10.0,50.0,1003.0,2.0,1.0,2022-02-05 15:00,976.0,976,414585,976.0,976.0,49.719448,-2.902957
497,9,4.74,42.8,240.0,1013.9,0.1,76.0,10.0,25.0,1003.0,2.0,1.0,2022-02-05 15:00,969.0,969,412254,969.0,969.0,49.719448,-2.892957
498,9,4.74,42.8,240.0,1013.9,0.1,76.0,10.0,25.0,1003.0,2.0,1.0,2022-02-05 15:00,2801.0,2801,9617373,2801.0,2801.0,49.719448,-2.8829569999999993
499,9,4.74,42.8,240.0,1013.9,0.1,76.0,10.0,25.0,1003.0,2.0,1.0,2022-02-05 15:00,1023.0,1023,430236,1023.0,1023.0,49.719448,-2.8729569999999995
500,9,4.74,50.0,250.0,1007.1,0.1,87.0,6.0,75.0,1183.0,2.0,1.0,2022-02-05 15:00,2302.0,2302,4114881,2302.0,2302.0,49.719448,-2.8629569999999998
501,9,4.76,22.0,230.0,1017.9,0.1,76.0,10.0,75.0,1003.0,2.0,1.0,2022-02-05 15:00,947.0,947,404928,947.0,947.0,49.719448,-2.852957
502,9,4.76,33.1,240.0,1010.8,0.1,71.0,10.0,75.0,1009.0,2.0,1.0,2022-02-05 15:00,2314.0,2314,4178817,2314.0,2314.0,49.719448,-2.8429569999999993
503,9,4.76,34.9,240.0,1017.9,0.2,76.0,10.0,75.0,1003.0,2.0,1.0,2022-02-05 15:00,1893.0,1893,2758239,1893.0,1893.0,49.719448,-2.8329569999999995
504,9,4.76,37.1,240.0,1013.9,0.0,71.0,10.0,75.0,1003.0,2.0,1.0,2022-02-05 15:00,930.0,930,399267,930.0,930.0,49.719448,-2.8229569999999997
505,9,4.76,38.9,230.0,1009.1,2.2,76.0,10.0,25.0,1003.0,2.0,1.0,2022-02-05 15:00,915.0,915,394272,915.0,915.0,49.719448,-2.812957
506,9,4.76,41.0,240.0,1011.9,0.4,76.0,10.0,75.0,1183.0,2.0,1.0,2022-02-05 15:00,2798.0,2798,9616374,2798.0,2798.0,49.719448,-2.8029569999999993
507,9,4.76,41.0,240.0,1013.2,0.0,76.0,10.0,50.0,1003.0,2.0,1.0,2022-02-05 15:00,2617.0,2617,8596395,2617.0,2617.0,49.719448,-2.7929569999999995
508,9,4.76,42.8,240.0,1010.2,0.5,76.0,10.0,100.0,1009.0,2.0,1.0,2022-02-05 15:00,2368.0,2368,4536459,2368.0,2368.0,49.719448,-2.7829569999999997
509,9,4.76,43.9,240.0,1009.1,0.1,81.0,9.0,100.0,1183.0,2.0,1.0,2022-02-05 15:00,2539.0,2539,7294032,2539.0,2539.0,49.719448,-2.772957
510,9,4.78,34.9,240.0,1017.9,0.1,76.0,10.0,75.0,1003.0,2.0,1.0,2022-02-05 15:00,2739.0,2739,9085572,2739.0,2739.0,49.719448,-2.762956999999999
511,9,4.78,37.1,230.0,1010.2,0.0,76.0,10.0,75.0,1003.0,2.0,1.0,2022-02-05 15:00,1033.0,1033,433566,1033.0,1033.0,49.719448,-2.7529569999999994
512,9,4.78,37.1,230.0,1010.2,0.0,76.0,10.0,75.0,1003.0,2.0,1.0,2022-02-05 15:00,2682.0,2682,8767224,2682.0,2682.0,49.719448,-2.7429569999999996
513,9,4.78,38.9,230.0,1009.1,1.9,76.0,10.0,25.0,1003.0,2.0,1.0,2022-02-05 15:00,2580.0,2580,8581410,2580.0,2580.0,49.719448,-2.732957
514,9,4.78,38.9,240.0,1016.9,0.2,81.0,10.0,75.0,1003.0,2.0,1.0,2022-02-05 15:00,2400.0,2400,4856139,2400.0,2400.0,49.719448,-2.722957
515,9,4.78,41.0,240.0,1011.9,0.4,76.0,10.0,75.0,1183.0,2.0,1.0,2022-02-05 15:00,2647.0,2647,8750907,2647.0,2647.0,49.719448,-2.7129569999999994
516,9,4.78,41.0,240.0,1013.2,0.0,76.0,10.0,50.0,1003.0,2.0,1.0,2022-02-05 15:00,964.0,964,410589,964.0,964.0,49.719448,-2.7029569999999996
517,9,4.78,42.8,240.0,1013.9,0.1,76.0,10.0,25.0,1003.0,2.0,1.0,2022-02-05 15:00,2797.0,2797,9612711,2797.0,2797.0,49.719448,-2.692957
518,9,4.78,43.9,240.0,1009.1,0.9,81.0,9.0,100.0,1183.0,2.0,1.0,2022-02-05 15:00,2388.0,2388,4757904,2388.0,2388.0,49.719448,-2.682957
519,9,4.78,47.9,240.0,1004.1,1.6,76.0,10.0,75.0,1003.0,2.0,1.0,2022-02-05 15:00,933.0,933,400266,933.0,933.0,49.719448,-2.6729569999999994
520,9,4.81,28.1,240.0,1014.9,0.0,71.0,10.0,75.0,1003.0,2.0,1.0,2022-02-05 15:00,995.0,995,420912,995.0,995.0,49.719448,-2.6629569999999996
521,9,4.81,31.0,240.0,1023.0,0.0,87.0,10.0,75.0,1009.0,3.0,1.0,2022-02-05 15:00,296.0,296,153180,296.0,296.0,49.719448,-2.652957
522,9,4.81,33.1,250.0,1003.0,2.0,76.0,10.0,75.0,1003.0,2.0,1.0,2022-02-05 15:00,2583.0,2583,8582742,2583.0,2583.0,49.719448,-2.642957
523,9,4.81,34.9,240.0,1007.1,0.6,87.0,6.0,75.0,1183.0,2.0,1.0,2022-02-05 15:00,2656.0,2656,8753904,2656.0,2656.0,49.719448,-2.6329569999999993
524,9,4.81,34.9,240.0,1014.9,0.0,71.0,10.0,75.0,1003.0,2.0,1.0,2022-02-05 15:00,912.0,912,393273,912.0,912.0,49.719448,-2.6229569999999995
525,9,4.81,34.9,240.0,1014.9,0.0,71.0,10.0,75.0,1003.0,2.0,1.0,2022-02-05 15:00,861.0,861,376290,861.0,861.0,49.719448,-2.6129569999999998
526,9,4.81,42.8,240.0,1010.2,0.0,76.0,10.0,100.0,1009.0,2.0,1.0,2022-02-05 15:00,1027.0,1027,431568,1027.0,1027.0,49.719448,-2.602957
527,9,4.81,43.9,240.0,1009.1,0.1,81.0,9.0,100.0,1183.0,2.0,1.0,2022-02-05 15:00,2325.0,2325,4218111,2325.0,2325.0,49.719448,-2.5929569999999993
528,9,4.81,46.1,230.0,1011.9,0.0,76.0,10.0,75.0,1003.0,2.0,1.0,2022-02-05 15:00,2390.0,2390,4765563,2390.0,2390.0,49.719448,-2.5829569999999995
529,9,4.81,46.1,250.0,1005.1,1.4,87.0,7.0,100.0,1183.0,2.0,1.0,2022-02-05 15:00,2607.0,2607,8592399,2607.0,2607.0,49.719448,-2.5729569999999997
530,9,4.83,34.9,250.0,1010.2,0.2,81.0,10.0,75.0,1183.0,2.0,1.0,2022-02-05 15:00,1012.0,1012,426573,1012.0,1012.0,49.719448,-2.562957
531,9,4.83,37.1,220.0,1012.9,0.0,76.0,10.0,50.0,1003.0,2.0,1.0,2022-02-05 15:00,914.0,914,393939,914.0,914.0,49.719448,-2.5529569999999993
532,9,4.83,38.9,240.0,1016.9,0.3,81.0,10.0,75.0,1003.0,2.0,1.0,2022-02-05 15:00,2800.0,2800,9617040,2800.0,2800.0,49.719448,-2.5429569999999995
533,9,4.83,41.0,240.0,1011.9,0.1,76.0,10.0,75.0,1183.0,2.0,1.0,2022-02-05 15:00,1034.0,1034,433899,1034.0,1034.0,49.719448,-2.5329569999999997
534,9,4.83,41.0,240.0,1011.9,0.1,76.0,10.0,75.0,1183.0,2.0,1.0,2022-02-05 15:00,2319.0,2319,4197798,2319.0,2319.0,49.719448,-2.522957
535,9,4.83,46.1,230.0,1011.9,0.2,76.0,10.0,75.0,1003.0,2.0,1.0,2022-02-05 15:00,935.0,935,400932,935.0,935.0,49.719448,-2.512956999999999
536,9,4.83,46.1,250.0,1000.0,2.9,81.0,10.0,75.0,1183.0,2.0,1.0,2022-02-05 15:00,2759.0,2759,9296361,2759.0,2759.0,49.719448,-2.5029569999999994
537,9,4.85,22.0,230.0,1016.9,0.0,66.0,10.0,75.0,1003.0,2.0,1.0,2022-02-05 15:00,1005.0,1005,424242,1005.0,1005.0,49.719448,-2.4929569999999996
538,9,4.85,22.0,230.0,1017.9,0.0,76.0,10.0,75.0,1003.0,3.0,1.0,2022-02-05 15:00,849.0,849,372294,849.0,849.0,49.719448,-2.482957
539,9,4.85,28.1,240.0,1014.9,0.0,71.0,10.0,75.0,1003.0,2.0,1.0,2022-02-05 15:00,1014.0,1014,427239,1014.0,1014.0,49.719448,-2.472957
540,9,4.85,33.1,240.0,1010.8,0.0,71.0,10.0,75.0,1009.0,2.0,1.0,2022-02-05 15:00,872.0,872,379953,872.0,872.0,49.719448,-2.4629569999999994
541,9,4.85,37.1,220.0,1012.9,0.0,76.0,10.0,50.0,1003.0,2.0,1.0,2022-02-05 15:00,2685.0,2685,8768223,2685.0,2685.0,49.719448,-2.4529569999999996
542,9,4.85,37.1,230.0,1017.9,0.1,71.0,10.0,75.0,1003.0,2.0,1.0,2022-02-05 15:00,837.0,837,368298,837.0,837.0,49.719448,-2.442957
543,9,4.85,38.9,260.0,1001.0,1.2,87.0,9.0,75.0,1183.0,2.0,1.0,2022-02-05 15:00,942.0,942,403263,942.0,942.0,49.719448,-2.432957
544,9,4.85,41.0,240.0,1011.9,0.1,76.0,10.0,75.0,1183.0,2.0,1.0,2022-02-05 15:00,2635.0,2635,8746911,2635.0,2635.0,49.719448,-2.4229569999999994
545,9,4.85,50.0,250.0,1007.1,0.0,87.0,6.0,75.0,1183.0,2.0,1.0,2022-02-05 15:00,937.0,937,401598,937.0,937.0,49.719448,-2.4129569999999996
546,9,4.87,31.0,240.0,1013.9,0.0,71.0,10.0,75.0,1003.0,2.0,1.0,2022-02-05 15:00,2323.0,2323,4213782,2323.0,2323.0,49.719448,-2.402957
547,9,4.87,31.0,240.0,1013.9,0.0,71.0,10.0,75.0,1003.0,2.0,1.0,2022-02-05 15:00,921.0,921,396270,921.0,921.0,49.719448,-2.392957
548,9,4.87,33.1,240.0,1010.8,0.1,71.0,10.0,75.0,1009.0,2.0,1.0,2022-02-05 15:00,2347.0,2347,4352643,2347.0,2347.0,49.719448,-2.3829569999999993
549,9,4.87,43.9,240.0,1009.1,0.5,81.0,9.0,100.0,1183.0,2.0,1.0,2022-02-05 15:00,2637.0,2637,8747577,2637.0,2637.0,49.719448,-2.3729569999999995
550,9,4.89,33.1,240.0,1010.8,0.0,71.0,10.0,75.0,1009.0,2.0,1.0,2022-02-05 15:00,2380.0,2380,4658337,2380.0,2380.0,49.719448,-2.3629569999999998
551,9,4.89,50.0,250.0,1007.1,0.4,87.0,6.0,75.0,1183.0,2.0,1.0,2022-02-05 15:00,2313.0,2313,4173489,2313.0,2313.0,49.719448,-2.352957
552,9,4.92,41.0,240.0,1011.9,0.1,76.0,10.0,75.0,1183.0,2.0,1.0,2022-02-05 15:00,2353.0,2353,4453542,2353.0,2353.0,49.719448,-2.3429569999999993
553,9,4.94,38.9,260.0,1001.0,1.3,87.0,9.0,75.0,1183.0,2.0,1.0,2022-02-05 15:00,2774.0,2774,9301689,2774.0,2774.0,49.719448,-2.3329569999999995
554,9,4.94,41.0,240.0,1011.9,0.1,76.0,10.0,75.0,1183.0,2.0,1.0,2022-02-05 15:00,2343.0,2343,4337991,2343.0,2343.0,49.719448,-2.3229569999999997
555,9,4.94,42.8,240.0,1013.9,0.0,76.0,10.0,25.0,1003.0,2.0,1.0,2022-02-05 15:00,2398.0,2398,4848147,2398.0,2398.0,49.719448,-2.312957
556,9,4.96,22.0,230.0,1017.9,0.1,76.0,10.0,75.0,1003.0,3.0,1.0,2022-02-05 15:00,2385.0,2385,4717278,2385.0,2385.0,49.719448,-2.3029569999999993
557,9,4.96,33.1,240.0,1010.8,0.1,71.0,10.0,75.0,1009.0,2.0,1.0,2022-02-05 15:00,2402.0,2402,4875786,2402.0,2402.0,49.719448,-2.2929569999999995
558,9,4.96,38.9,240.0,1016.9,0.0,81.0,10.0,75.0,1003.0,3.0,1.0,2022-02-05 15:00,2403.0,2403,4882446,2403.0,2403.0,49.719448,-2.2829569999999997
559,9,4.96,41.0,260.0,998.0,2.1,71.0,10.0,25.0,1003.0,2.0,1.0,2022-02-05 15:00,2753.0,2753,9294363,2753.0,2753.0,49.719448,-2.272957
560,9,4.99,22.0,230.0,1016.9,0.0,66.0,10.0,75.0,1003.0,2.0,1.0,2022-02-05 15:00,2394.0,2394,4831830,2394.0,2394.0,49.719448,-2.262956999999999
561,9,4.99,31.0,240.0,1013.9,0.0,71.0,10.0,75.0,1003.0,2.0,1.0,2022-02-05 15:00,1009.0,1009,425574,1009.0,1009.0,49.719448,-2.2529569999999994
562,9,4.99,38.9,260.0,1001.0,1.5,87.0,9.0,75.0,1183.0,2.0,1.0,2022-02-05 15:00,2597.0,2597,8588403,2597.0,2597.0,49.719448,-2.2429569999999996
563,9,4.99,46.1,240.0,1008.1,0.6,81.0,10.0,75.0,1183.0,2.0,1.0,2022-02-05 15:00,2329.0,2329,4250745,2329.0,2329.0,49.719448,-2.232957
564,9,5.01,33.1,250.0,1003.0,1.8,76.0,10.0,75.0,1003.0,2.0,1.0,2022-02-05 15:00,913.0,913,393606,913.0,913.0,49.719448,-2.222957
565,9,5.01,34.9,250.0,1010.2,0.3,81.0,10.0,75.0,1183.0,2.0,1.0,2022-02-05 15:00,949.0,949,405594,949.0,949.0,49.719448,-2.2129569999999994
566,9,5.01,38.9,260.0,1001.0,1.6,87.0,9.0,75.0,1183.0,2.0,1.0,2022-02-05 15:00,2531.0,2531,7291368,2531.0,2531.0,49.719448,-2.2029569999999996
567,9,5.03,34.9,250.0,1010.2,0.1,81.0,10.0,75.0,1183.0,2.0,1.0,2022-02-05 15:00,2415.0,2415,4971690,2415.0,2415.0,49.719448,-2.192957
568,9,5.03,37.1,230.0,1017.9,0.0,71.0,10.0,75.0,1003.0,2.0,1.0,2022-02-05 15:00,1004.0,1004,423909,1004.0,1004.0,49.719448,-2.182957
569,9,5.03,43.9,240.0,1009.1,0.6,81.0,9.0,100.0,1183.0,2.0,1.0,2022-02-05 15:00,1010.0,1010,425907,1010.0,1010.0,49.719448,-2.1729569999999994
570,9,5.06,37.1,240.0,1013.9,0.0,71.0,10.0,75.0,1003.0,2.0,1.0,2022-02-05 15:00,867.0,867,378288,867.0,867.0,49.719448,-2.1629569999999996
571,9,5.06,46.1,250.0,1000.0,3.4,81.0,10.0,75.0,1183.0,1.0,1.0,2022-02-05 15:00,869.0,869,378954,869.0,869.0,49.719448,-2.152957
572,9,5.06,50.0,250.0,1007.1,0.1,87.0,6.0,75.0,1183.0,2.0,1.0,2022-02-05 15:00,2410.0,2410,4965696,2410.0,2410.0,49.719448,-2.142957
573,9,5.08,29.9,250.0,1025.1,0.0,76.0,10.0,75.0,1003.0,3.0,1.0,2022-02-05 15:00,301.0,301,155178,301.0,301.0,49.719448,-2.1329569999999993
574,9,5.08,33.1,250.0,1003.0,2.6,76.0,10.0,75.0,1003.0,2.0,1.0,2022-02-05 15:00,2776.0,2776,9302355,2776.0,2776.0,49.719448,-2.1229569999999995
575,9,5.1,22.0,230.0,1016.9,0.0,66.0,10.0,75.0,1003.0,2.0,1.0,2022-02-05 15:00,2301.0,2301,4109886,2301.0,2301.0,49.719448,-2.1129569999999998
576,9,5.1,33.1,240.0,1010.8,0.0,71.0,10.0,75.0,1009.0,2.0,1.0,2022-02-05 15:00,2401.0,2401,4864797,2401.0,2401.0,49.719448,-2.102957
577,9,5.1,37.1,230.0,1017.9,0.1,71.0,10.0,75.0,1003.0,2.0,1.0,2022-02-05 15:00,846.0,846,371295,846.0,846.0,49.719448,-2.0929569999999993
578,9,5.1,38.9,260.0,1001.0,2.2,87.0,9.0,75.0,1183.0,2.0,1.0,2022-02-05 15:00,2775.0,2775,9302022,2775.0,2775.0,49.719448,-2.0829569999999995
579,9,5.13,37.1,230.0,1017.9,0.0,71.0,10.0,75.0,1003.0,2.0,1.0,2022-02-05 15:00,1883.0,1883,2422242,1883.0,1883.0,49.719448,-2.0729569999999997
580,9,5.13,38.9,240.0,1016.9,0.1,81.0,10.0,75.0,1003.0,3.0,1.0,2022-02-05 15:00,1035.0,1035,434232,1035.0,1035.0,49.719448,-2.062957
581,9,5.15,50.0,250.0,1007.1,0.1,87.0,6.0,75.0,1183.0,2.0,1.0,2022-02-05 15:00,1007.0,1007,424908,1007.0,1007.0,49.719448,-2.0529569999999993
582,9,5.2,22.0,230.0,1016.9,0.0,66.0,10.0,75.0,1003.0,2.0,1.0,2022-02-05 15:00,2361.0,2361,4520475,2361.0,2361.0,49.719448,-2.0429569999999995
583,9,5.2,34.9,250.0,1010.2,0.2,81.0,10.0,75.0,1183.0,2.0,1.0,2022-02-05 15:00,2409.0,2409,4962699,2409.0,2409.0,49.719448,-2.0329569999999997
584,9,5.23,28.1,240.0,1014.9,0.0,71.0,10.0,75.0,1003.0,2.0,1.0,2022-02-05 15:00,889.0,889,385614,889.0,889.0,49.719448,-2.022957
585,9,5.23,50.0,250.0,1007.1,0.3,87.0,6.0,75.0,1183.0,2.0,1.0,2022-02-05 15:00,990.0,990,419247,990.0,990.0,49.719448,-2.012956999999999
586,9,5.25,33.1,240.0,1010.8,0.0,71.0,10.0,75.0,1009.0,2.0,1.0,2022-02-05 15:00,841.0,841,369630,841.0,841.0,49.719448,-2.0029569999999994
587,9,5.28,33.1,250.0,1003.0,3.2,76.0,10.0,75.0,1003.0,2.0,1.0,2022-02-05 15:00,2533.0,2533,7292034,2533.0,2533.0,49.719448,-1.9929569999999996
588,9,5.28,38.9,260.0,1001.0,2.1,87.0,9.0,75.0,1183.0,2.0,1.0,2022-02-05 15:00,2666.0,2666,8757234,2666.0,2666.0,49.719448,-1.9829569999999999
589,9,5.3,33.1,250.0,1003.0,3.2,76.0,10.0,75.0,1003.0,2.0,1.0,2022-02-05 15:00,2532.0,2532,7291701,2532.0,2532.0,49.719448,-1.972957
590,9,5.3,34.9,240.0,1007.1,1.5,87.0,6.0,75.0,1183.0,2.0,1.0,2022-02-05 15:00,2662.0,2662,8755902,2662.0,2662.0,49.719448,-1.9629569999999994
591,9,5.36,22.0,230.0,1016.9,0.0,66.0,10.0,75.0,1003.0,2.0,1.0,2022-02-05 15:00,908.0,908,391941,908.0,908.0,49.719448,-1.9529569999999996
592,9,5.41,22.0,230.0,1016.9,0.0,66.0,10.0,75.0,1003.0,2.0,1.0,2022-02-05 15:00,941.0,941,402930,941.0,941.0,49.719448,-1.9429569999999998
593,9,5.41,29.9,230.0,1021.0,0.1,81.0,10.0,75.0,1003.0,2.0,1.0,2022-02-05 15:00,285.0,285,149517,285.0,285.0,49.719448,-1.932957
594,9,5.49,28.1,240.0,1014.9,0.0,71.0,10.0,75.0,1003.0,2.0,1.0,2022-02-05 15:00,2378.0,2378,4638357,2378.0,2378.0,49.719448,-1.9229569999999994
595,9,5.49,34.9,240.0,1014.9,0.0,71.0,10.0,75.0,1003.0,2.0,1.0,2022-02-05 15:00,886.0,886,384615,886.0,886.0,49.719448,-1.9129569999999996
596,9,5.49,38.9,260.0,1001.0,2.7,87.0,9.0,75.0,1183.0,2.0,1.0,2022-02-05 15:00,2537.0,2537,7293366,2537.0,2537.0,49.719448,-1.9029569999999998
597,9,5.49,38.9,260.0,1001.0,3.1,87.0,9.0,75.0,1183.0,2.0,1.0,2022-02-05 15:00,2560.0,2560,8573085,2560.0,2560.0,49.719448,-1.892957
598,9,5.58,38.9,260.0,1001.0,3.9,87.0,9.0,75.0,1183.0,2.0,1.0,2022-02-05 15:00,2538.0,2538,7293699,2538.0,2538.0,49.719448,-1.8829569999999993
599,9,5.64,20.2,240.0,1024.0,0.0,81.0,10.0,75.0,1003.0,4.0,1.0,2022-02-05 15:00,1460.0,1460,814185,1460.0,1460.0,49.719448,-1.8729569999999995
600,9,5.67,38.9,260.0,1001.0,2.9,87.0,9.0,75.0,1183.0,2.0,1.0,2022-02-05 15:00,2773.0,2773,9301356,2773.0,2773.0,49.719448,-1.8629569999999998
601,9,5.96,19.1,250.0,1025.1,0.0,66.0,10.0,25.0,1003.0,3.0,1.0,2022-02-05 15:00,,317,161838,317.0,317.0,49.719448,-1.852957
602,9.1,5.2,32.8,242.9,1022.6,0.0,75.8,10.0,28.2,1003.0,3.0,1.0,2022-02-05 15:00,297.0,297,153513,297.0,297.0,49.719448,-1.8429569999999993
603,9.7,5.7,37.4,247.3,1013.7,0.0,79.9,10.0,100.0,1009.0,2.0,1.0,2022-02-05 15:00,2219.0,2219,3379284,2219.0,2219.0,49.719448,-1.8329569999999995
604,9.8,5.5,44.6,247.9,1013.0,0.0,80.1,10.0,100.0,1009.0,2.0,1.0,2022-02-05 15:00,2220.0,2220,3379617,2220.0,2220.0,49.719448,-1.8229569999999997
605,9.9,5.2,54.0,249.1,1013.4,0.0,80.0,10.0,100.0,1009.0,2.0,1.0,2022-02-05 15:00,1860.0,1860,2254410,1860.0,1860.0,49.719448,-1.812957
606,9.9,5.3,51.1,250.4,1018.3,0.0,79.5,10.0,100.0,1009.0,2.0,1.0,2022-02-05 15:00,2587.0,2587,8584407,2587.0,2587.0,49.719448,-1.8029569999999993
607,9.9,5.5,47.2,249.8,1019.0,0.1,80.7,10.0,69.3,1063.0,2.0,1.0,2022-02-05 15:00,2767.0,2767,9299025,2767.0,2767.0,49.719448,-1.7929569999999995
